violent,XMin,YMin,XMax,YMax,ImageID
0.0,0.0,0.0,0.0,0.0,-1l5631l3fg_0.avi_0.jpg
0.0,0.0,0.0,0.0,0.0,-1l5631l3fg_0.avi_1.jpg
0.0,0.0,0.0,0.0,0.0,-1l5631l3fg_1.avi_0.jpg
0.0,0.0,0.0,0.0,0.0,-1l5631l3fg_1.avi_1.jpg
0.0,0.0,0.0,0.0,0.0,0AvTZRYx_0.avi_0.jpg
0.0,0.0,0.0,0.0,0.0,0AvTZRYx_0.avi_1.jpg
0.0,0.0,0.0,0.0,0.0,0GGPb4iO_0.avi_0.jpg
0.0,0.0,0.0,0.0,0.0,0GGPb4iO_0.avi_1.jpg
0.0,0.0,0.0,0.0,0.0,0H2s9UJcNJ0_0.avi_0.jpg
0.0,0.0,0.0,0.0,0.0,0H2s9UJcNJ0_0.avi_1.jpg
0.0,0.0,0.0,0.0,0.0,0H2s9UJcNJ0_1.avi_0.jpg
0.0,0.0,0.0,0.0,0.0,0H2s9UJcNJ0_1.avi_1.jpg
0.0,0.0,0.0,0.0,0.0,0H2s9UJcNJ0_2.avi_0.jpg
0.0,0.0,0.0,0.0,0.0,0H2s9UJcNJ0_2.avi_1.jpg
0.0,0.0,0.0,0.0,0.0,0NqPsSHdri8_0.avi_0.jpg
0.0,0.0,0.0,0.0,0.0,0NqPsSHdri8_0.avi_1.jpg
0.0,0.0,0.0,0.0,0.0,0QSeuqzpcOQ_0.avi_0.jpg
0.0,0.0,0.0,0.0,0.0,0QSeuqzpcOQ_0.avi_1.jpg
0.0,0.0,0.0,0.0,0.0,0QSeuqzpcOQ_1.avi_0.jpg
0.0,0.0,0.0,0.0,0.0,0QSeuqzpcOQ_1.avi_1.jpg
0.0,0.0,0.0,0.0,0.0,0TFi8D8IBg4_0.avi_0.jpg
0.0,0.0,0.0,0.0,0.0,0TFi8D8IBg4_0.avi_1.jpg
0.0,0.0,0.0,0.0,0.0,0TP13Nyn_0.avi_0.jpg
0.0,0.0,0.0,0.0,0.0,0TP13Nyn_0.avi_1.jpg
0.0,0.0,0.0,0.0,0.0,0vasozvJYvk_1.avi_0.jpg
0.0,0.0,0.0,0.0,0.0,0vasozvJYvk_1.avi_1.jpg
0.0,0.0,0.0,0.0,0.0,0vasozvJYvk_2.avi_0.jpg
0.0,0.0,0.0,0.0,0.0,0vasozvJYvk_2.avi_1.jpg
0.0,0.0,0.0,0.0,0.0,0xoSMgad_0.avi_0.jpg
0.0,0.0,0.0,0.0,0.0,0xoSMgad_0.avi_1.jpg
0.0,0.0,0.0,0.0,0.0,0YbzxGPE_0.avi_0.jpg
0.0,0.0,0.0,0.0,0.0,0YbzxGPE_0.avi_1.jpg
0.0,0.0,0.0,0.0,0.0,0_DzLlklZa0_0.avi_0.jpg
0.0,0.0,0.0,0.0,0.0,0_DzLlklZa0_0.avi_1.jpg
0.0,0.0,0.0,0.0,0.0,0_DzLlklZa0_1.avi_0.jpg
0.0,0.0,0.0,0.0,0.0,0_DzLlklZa0_1.avi_1.jpg
0.0,0.0,0.0,0.0,0.0,0_DzLlklZa0_2.avi_0.jpg
0.0,0.0,0.0,0.0,0.0,0_DzLlklZa0_2.avi_1.jpg
0.0,0.0,0.0,0.0,0.0,0_DzLlklZa0_3.avi_0.jpg
0.0,0.0,0.0,0.0,0.0,0_DzLlklZa0_3.avi_1.jpg
0.0,0.0,0.0,0.0,0.0,11vr9Jho_0.avi_0.jpg
0.0,0.0,0.0,0.0,0.0,11vr9Jho_0.avi_1.jpg
0.0,0.0,0.0,0.0,0.0,14YZVngQ_0.avi_0.jpg
0.0,0.0,0.0,0.0,0.0,14YZVngQ_0.avi_1.jpg
0.0,0.0,0.0,0.0,0.0,16O0PIQP_0.avi_0.jpg
0.0,0.0,0.0,0.0,0.0,16O0PIQP_0.avi_1.jpg
0.0,0.0,0.0,0.0,0.0,18xQQOv5_0.avi_0.jpg
0.0,0.0,0.0,0.0,0.0,18xQQOv5_0.avi_1.jpg
0.0,0.0,0.0,0.0,0.0,1A3zEkCHBl8_0.avi_0.jpg
0.0,0.0,0.0,0.0,0.0,1A3zEkCHBl8_0.avi_1.jpg
0.0,0.0,0.0,0.0,0.0,1A3zEkCHBl8_2.avi_0.jpg
0.0,0.0,0.0,0.0,0.0,1A3zEkCHBl8_2.avi_1.jpg
0.0,0.0,0.0,0.0,0.0,1ahhhDBQHxg_0.avi_0.jpg
0.0,0.0,0.0,0.0,0.0,1ahhhDBQHxg_0.avi_1.jpg
0.0,0.0,0.0,0.0,0.0,1dsLuL5Lvbc_0.avi_0.jpg
0.0,0.0,0.0,0.0,0.0,1dsLuL5Lvbc_0.avi_1.jpg
0.0,0.0,0.0,0.0,0.0,1O4KGHbRt3M_1.avi_0.jpg
0.0,0.0,0.0,0.0,0.0,1O4KGHbRt3M_1.avi_1.jpg
0.0,0.0,0.0,0.0,0.0,1oEbrZhr_0.avi_0.jpg
0.0,0.0,0.0,0.0,0.0,1oEbrZhr_0.avi_1.jpg
0.0,0.0,0.0,0.0,0.0,1OXrIaQK_0.avi_0.jpg
0.0,0.0,0.0,0.0,0.0,1OXrIaQK_0.avi_1.jpg
0.0,0.0,0.0,0.0,0.0,1QixA5m2_0.avi_0.jpg
0.0,0.0,0.0,0.0,0.0,1QixA5m2_0.avi_1.jpg
0.0,0.0,0.0,0.0,0.0,1r91ACCe_0.avi_0.jpg
0.0,0.0,0.0,0.0,0.0,1r91ACCe_0.avi_1.jpg
0.0,0.0,0.0,0.0,0.0,1tU4kxa51vw_0.avi_0.jpg
0.0,0.0,0.0,0.0,0.0,1tU4kxa51vw_0.avi_1.jpg
0.0,0.0,0.0,0.0,0.0,1tU4kxa51vw_1.avi_0.jpg
0.0,0.0,0.0,0.0,0.0,1tU4kxa51vw_1.avi_1.jpg
0.0,0.0,0.0,0.0,0.0,1Ytq2moWGdw_0.avi_0.jpg
0.0,0.0,0.0,0.0,0.0,1Ytq2moWGdw_0.avi_1.jpg
0.0,0.0,0.0,0.0,0.0,24E0xYYUz44_0.avi_0.jpg
0.0,0.0,0.0,0.0,0.0,24E0xYYUz44_0.avi_1.jpg
0.0,0.0,0.0,0.0,0.0,24E0xYYUz44_2.avi_0.jpg
0.0,0.0,0.0,0.0,0.0,24E0xYYUz44_2.avi_1.jpg
0.0,0.0,0.0,0.0,0.0,2gkuUVq1_0.avi_0.jpg
0.0,0.0,0.0,0.0,0.0,2gkuUVq1_0.avi_1.jpg
0.0,0.0,0.0,0.0,0.0,2KMf6p5Q_0.avi_0.jpg
0.0,0.0,0.0,0.0,0.0,2KMf6p5Q_0.avi_1.jpg
0.0,0.0,0.0,0.0,0.0,2KvkZ4yo_0.avi_0.jpg
0.0,0.0,0.0,0.0,0.0,2KvkZ4yo_0.avi_1.jpg
0.0,0.0,0.0,0.0,0.0,310cmTrl_0.avi_0.jpg
0.0,0.0,0.0,0.0,0.0,310cmTrl_0.avi_1.jpg
0.0,0.0,0.0,0.0,0.0,3CQi0ZCCHvc_0.avi_0.jpg
0.0,0.0,0.0,0.0,0.0,3CQi0ZCCHvc_0.avi_1.jpg
0.0,0.0,0.0,0.0,0.0,3CQi0ZCCHvc_1.avi_0.jpg
0.0,0.0,0.0,0.0,0.0,3CQi0ZCCHvc_1.avi_1.jpg
0.0,0.0,0.0,0.0,0.0,3CQi0ZCCHvc_2.avi_0.jpg
0.0,0.0,0.0,0.0,0.0,3CQi0ZCCHvc_2.avi_1.jpg
0.0,0.0,0.0,0.0,0.0,3djtKN3k_0.avi_0.jpg
0.0,0.0,0.0,0.0,0.0,3djtKN3k_0.avi_1.jpg
0.0,0.0,0.0,0.0,0.0,3HCpeji1_0.avi_0.jpg
0.0,0.0,0.0,0.0,0.0,3HCpeji1_0.avi_1.jpg
0.0,0.0,0.0,0.0,0.0,3kpviz7lAMY_0.avi_0.jpg
0.0,0.0,0.0,0.0,0.0,3kpviz7lAMY_0.avi_1.jpg
0.0,0.0,0.0,0.0,0.0,3OKArbzg1uc_0.avi_0.jpg
0.0,0.0,0.0,0.0,0.0,3OKArbzg1uc_0.avi_1.jpg
0.0,0.0,0.0,0.0,0.0,3pRrZ9TS_0.avi_0.jpg
0.0,0.0,0.0,0.0,0.0,3pRrZ9TS_0.avi_1.jpg
0.0,0.0,0.0,0.0,0.0,3qsou7p57Nk_0.avi_0.jpg
0.0,0.0,0.0,0.0,0.0,3qsou7p57Nk_0.avi_1.jpg
0.0,0.0,0.0,0.0,0.0,3qsou7p57Nk_1.avi_0.jpg
0.0,0.0,0.0,0.0,0.0,3qsou7p57Nk_1.avi_1.jpg
0.0,0.0,0.0,0.0,0.0,3SS0E4SmTk8_0.avi_0.jpg
0.0,0.0,0.0,0.0,0.0,3SS0E4SmTk8_0.avi_1.jpg
0.0,0.0,0.0,0.0,0.0,3SS0E4SmTk8_1.avi_0.jpg
0.0,0.0,0.0,0.0,0.0,3SS0E4SmTk8_1.avi_1.jpg
0.0,0.0,0.0,0.0,0.0,3SS0E4SmTk8_2.avi_0.jpg
0.0,0.0,0.0,0.0,0.0,3SS0E4SmTk8_2.avi_1.jpg
0.0,0.0,0.0,0.0,0.0,3TQqO4N8_0.avi_0.jpg
0.0,0.0,0.0,0.0,0.0,3TQqO4N8_0.avi_1.jpg
0.0,0.0,0.0,0.0,0.0,3Vw7MoNBgx4_0.avi_0.jpg
0.0,0.0,0.0,0.0,0.0,3Vw7MoNBgx4_0.avi_1.jpg
0.0,0.0,0.0,0.0,0.0,3Vw7MoNBgx4_1.avi_0.jpg
0.0,0.0,0.0,0.0,0.0,3Vw7MoNBgx4_1.avi_1.jpg
0.0,0.0,0.0,0.0,0.0,3z7ncTuu_0.avi_0.jpg
0.0,0.0,0.0,0.0,0.0,3z7ncTuu_0.avi_1.jpg
0.0,0.0,0.0,0.0,0.0,3ZY4hpms_0.avi_0.jpg
0.0,0.0,0.0,0.0,0.0,3ZY4hpms_0.avi_1.jpg
0.0,0.0,0.0,0.0,0.0,40l8LuP4_0.avi_0.jpg
0.0,0.0,0.0,0.0,0.0,40l8LuP4_0.avi_1.jpg
0.0,0.0,0.0,0.0,0.0,4fY0Iv4t_0.avi_0.jpg
0.0,0.0,0.0,0.0,0.0,4fY0Iv4t_0.avi_1.jpg
0.0,0.0,0.0,0.0,0.0,4grE6XdY_0.avi_0.jpg
0.0,0.0,0.0,0.0,0.0,4grE6XdY_0.avi_1.jpg
0.0,0.0,0.0,0.0,0.0,4HH7yMU8y9A_0.avi_0.jpg
0.0,0.0,0.0,0.0,0.0,4HH7yMU8y9A_0.avi_1.jpg
0.0,0.0,0.0,0.0,0.0,4HH7yMU8y9A_1.avi_0.jpg
0.0,0.0,0.0,0.0,0.0,4HH7yMU8y9A_1.avi_1.jpg
0.0,0.0,0.0,0.0,0.0,4HH7yMU8y9A_2.avi_0.jpg
0.0,0.0,0.0,0.0,0.0,4HH7yMU8y9A_2.avi_1.jpg
0.0,0.0,0.0,0.0,0.0,4HH7yMU8y9A_3.avi_0.jpg
0.0,0.0,0.0,0.0,0.0,4HH7yMU8y9A_3.avi_1.jpg
0.0,0.0,0.0,0.0,0.0,4jZvTj4j_0.avi_0.jpg
0.0,0.0,0.0,0.0,0.0,4jZvTj4j_0.avi_1.jpg
0.0,0.0,0.0,0.0,0.0,4RgIlSIB_0.avi_0.jpg
0.0,0.0,0.0,0.0,0.0,4RgIlSIB_0.avi_1.jpg
0.0,0.0,0.0,0.0,0.0,4RqDG4I4iAk_0.avi_0.jpg
0.0,0.0,0.0,0.0,0.0,4RqDG4I4iAk_0.avi_1.jpg
0.0,0.0,0.0,0.0,0.0,4RqDG4I4iAk_1.avi_0.jpg
0.0,0.0,0.0,0.0,0.0,4RqDG4I4iAk_1.avi_1.jpg
0.0,0.0,0.0,0.0,0.0,4RqDG4I4iAk_2.avi_0.jpg
0.0,0.0,0.0,0.0,0.0,4RqDG4I4iAk_2.avi_1.jpg
0.0,0.0,0.0,0.0,0.0,4x9VdiCc_0.avi_0.jpg
0.0,0.0,0.0,0.0,0.0,4x9VdiCc_0.avi_1.jpg
0.0,0.0,0.0,0.0,0.0,4yTlGiDoxBo_0.avi_0.jpg
0.0,0.0,0.0,0.0,0.0,4yTlGiDoxBo_0.avi_1.jpg
0.0,0.0,0.0,0.0,0.0,4yTlGiDoxBo_1.avi_0.jpg
0.0,0.0,0.0,0.0,0.0,4yTlGiDoxBo_1.avi_1.jpg
0.0,0.0,0.0,0.0,0.0,4yTlGiDoxBo_2.avi_0.jpg
0.0,0.0,0.0,0.0,0.0,4yTlGiDoxBo_2.avi_1.jpg
0.0,0.0,0.0,0.0,0.0,551_wlV44GU_0.avi_0.jpg
0.0,0.0,0.0,0.0,0.0,551_wlV44GU_0.avi_1.jpg
0.0,0.0,0.0,0.0,0.0,551_wlV44GU_1.avi_0.jpg
0.0,0.0,0.0,0.0,0.0,551_wlV44GU_1.avi_1.jpg
0.0,0.0,0.0,0.0,0.0,5CwYc67y_0.avi_0.jpg
0.0,0.0,0.0,0.0,0.0,5CwYc67y_0.avi_1.jpg
0.0,0.0,0.0,0.0,0.0,5ieZt2nc_0.avi_0.jpg
0.0,0.0,0.0,0.0,0.0,5ieZt2nc_0.avi_1.jpg
0.0,0.0,0.0,0.0,0.0,5RayT2Vy0EA_0.avi_0.jpg
0.0,0.0,0.0,0.0,0.0,5RayT2Vy0EA_0.avi_1.jpg
0.0,0.0,0.0,0.0,0.0,5zVqOS0l_0.avi_0.jpg
0.0,0.0,0.0,0.0,0.0,5zVqOS0l_0.avi_1.jpg
0.0,0.0,0.0,0.0,0.0,6b254l7P_0.avi_0.jpg
0.0,0.0,0.0,0.0,0.0,6b254l7P_0.avi_1.jpg
0.0,0.0,0.0,0.0,0.0,6Dej3-k3MRE_0.avi_0.jpg
0.0,0.0,0.0,0.0,0.0,6Dej3-k3MRE_0.avi_1.jpg
0.0,0.0,0.0,0.0,0.0,6Dej3-k3MRE_1.avi_0.jpg
0.0,0.0,0.0,0.0,0.0,6Dej3-k3MRE_1.avi_1.jpg
0.0,0.0,0.0,0.0,0.0,6Dej3-k3MRE_2.avi_0.jpg
0.0,0.0,0.0,0.0,0.0,6Dej3-k3MRE_2.avi_1.jpg
0.0,0.0,0.0,0.0,0.0,6hots6jj_0.avi_0.jpg
0.0,0.0,0.0,0.0,0.0,6hots6jj_0.avi_1.jpg
0.0,0.0,0.0,0.0,0.0,6JmCJbug_0.avi_0.jpg
0.0,0.0,0.0,0.0,0.0,6JmCJbug_0.avi_1.jpg
0.0,0.0,0.0,0.0,0.0,6mrIIcAQ2fI_0.avi_0.jpg
0.0,0.0,0.0,0.0,0.0,6mrIIcAQ2fI_0.avi_1.jpg
0.0,0.0,0.0,0.0,0.0,6mrIIcAQ2fI_1.avi_0.jpg
0.0,0.0,0.0,0.0,0.0,6mrIIcAQ2fI_1.avi_1.jpg
0.0,0.0,0.0,0.0,0.0,6MSwCc0a_0.avi_0.jpg
0.0,0.0,0.0,0.0,0.0,6MSwCc0a_0.avi_1.jpg
0.0,0.0,0.0,0.0,0.0,6YmBBzyX_0.avi_0.jpg
0.0,0.0,0.0,0.0,0.0,6YmBBzyX_0.avi_1.jpg
0.0,0.0,0.0,0.0,0.0,7icHwpC_d44_0.avi_0.jpg
0.0,0.0,0.0,0.0,0.0,7icHwpC_d44_0.avi_1.jpg
0.0,0.0,0.0,0.0,0.0,7KXPekwe_0.avi_0.jpg
0.0,0.0,0.0,0.0,0.0,7KXPekwe_0.avi_1.jpg
0.0,0.0,0.0,0.0,0.0,7QgVKRHB_0.avi_0.jpg
0.0,0.0,0.0,0.0,0.0,7QgVKRHB_0.avi_1.jpg
0.0,0.0,0.0,0.0,0.0,7qtRgyFsk3s_0.avi_0.jpg
0.0,0.0,0.0,0.0,0.0,7qtRgyFsk3s_0.avi_1.jpg
0.0,0.0,0.0,0.0,0.0,7qtRgyFsk3s_1.avi_0.jpg
0.0,0.0,0.0,0.0,0.0,7qtRgyFsk3s_1.avi_1.jpg
0.0,0.0,0.0,0.0,0.0,7R1m3V8C30g_1.avi_0.jpg
0.0,0.0,0.0,0.0,0.0,7R1m3V8C30g_1.avi_1.jpg
0.0,0.0,0.0,0.0,0.0,80ySNph9_0.avi_0.jpg
0.0,0.0,0.0,0.0,0.0,80ySNph9_0.avi_1.jpg
0.0,0.0,0.0,0.0,0.0,85dkGMed_0.avi_0.jpg
0.0,0.0,0.0,0.0,0.0,85dkGMed_0.avi_1.jpg
0.0,0.0,0.0,0.0,0.0,86lUShJD_0.avi_0.jpg
0.0,0.0,0.0,0.0,0.0,86lUShJD_0.avi_1.jpg
0.0,0.0,0.0,0.0,0.0,88ndrvAZpE8_1.avi_0.jpg
0.0,0.0,0.0,0.0,0.0,88ndrvAZpE8_1.avi_1.jpg
0.0,0.0,0.0,0.0,0.0,8MuRpAyP_0.avi_0.jpg
0.0,0.0,0.0,0.0,0.0,8MuRpAyP_0.avi_1.jpg
0.0,0.0,0.0,0.0,0.0,8pKKdS7rhXo_0.avi_0.jpg
0.0,0.0,0.0,0.0,0.0,8pKKdS7rhXo_0.avi_1.jpg
0.0,0.0,0.0,0.0,0.0,8PuNOqvh_0.avi_0.jpg
0.0,0.0,0.0,0.0,0.0,8PuNOqvh_0.avi_1.jpg
0.0,0.0,0.0,0.0,0.0,8SWZq5we_fk_0.avi_0.jpg
0.0,0.0,0.0,0.0,0.0,8SWZq5we_fk_0.avi_1.jpg
0.0,0.0,0.0,0.0,0.0,8SWZq5we_fk_1.avi_0.jpg
0.0,0.0,0.0,0.0,0.0,8SWZq5we_fk_1.avi_1.jpg
0.0,0.0,0.0,0.0,0.0,8SWZq5we_fk_2.avi_0.jpg
0.0,0.0,0.0,0.0,0.0,8SWZq5we_fk_2.avi_1.jpg
0.0,0.0,0.0,0.0,0.0,8U6x0VMW_0.avi_0.jpg
0.0,0.0,0.0,0.0,0.0,8U6x0VMW_0.avi_1.jpg
0.0,0.0,0.0,0.0,0.0,8VqTmuq4HcI_0.avi_0.jpg
0.0,0.0,0.0,0.0,0.0,8VqTmuq4HcI_0.avi_1.jpg
0.0,0.0,0.0,0.0,0.0,8VqTmuq4HcI_1.avi_0.jpg
0.0,0.0,0.0,0.0,0.0,8VqTmuq4HcI_1.avi_1.jpg
0.0,0.0,0.0,0.0,0.0,8VqTmuq4HcI_2.avi_0.jpg
0.0,0.0,0.0,0.0,0.0,8VqTmuq4HcI_2.avi_1.jpg
0.0,0.0,0.0,0.0,0.0,9CeKXVvD_0.avi_0.jpg
0.0,0.0,0.0,0.0,0.0,9CeKXVvD_0.avi_1.jpg
0.0,0.0,0.0,0.0,0.0,9C_LQa7nnFg_0.avi_0.jpg
0.0,0.0,0.0,0.0,0.0,9C_LQa7nnFg_0.avi_1.jpg
0.0,0.0,0.0,0.0,0.0,9C_LQa7nnFg_1.avi_0.jpg
0.0,0.0,0.0,0.0,0.0,9C_LQa7nnFg_1.avi_1.jpg
0.0,0.0,0.0,0.0,0.0,9F6pZn73_0.avi_0.jpg
0.0,0.0,0.0,0.0,0.0,9F6pZn73_0.avi_1.jpg
0.0,0.0,0.0,0.0,0.0,9GFNxpur_0.avi_0.jpg
0.0,0.0,0.0,0.0,0.0,9GFNxpur_0.avi_1.jpg
0.0,0.0,0.0,0.0,0.0,9haGKtHJ_0.avi_0.jpg
0.0,0.0,0.0,0.0,0.0,9haGKtHJ_0.avi_1.jpg
0.0,0.0,0.0,0.0,0.0,9Jss3rP1_0.avi_0.jpg
0.0,0.0,0.0,0.0,0.0,9Jss3rP1_0.avi_1.jpg
0.0,0.0,0.0,0.0,0.0,9N4HikpX_0.avi_0.jpg
0.0,0.0,0.0,0.0,0.0,9N4HikpX_0.avi_1.jpg
0.0,0.0,0.0,0.0,0.0,9nFtxkJ7ywg_0.avi_0.jpg
0.0,0.0,0.0,0.0,0.0,9nFtxkJ7ywg_0.avi_1.jpg
0.0,0.0,0.0,0.0,0.0,9qjOCoE7_0.avi_0.jpg
0.0,0.0,0.0,0.0,0.0,9qjOCoE7_0.avi_1.jpg
0.0,0.0,0.0,0.0,0.0,9U8J4abJGDg_0.avi_0.jpg
0.0,0.0,0.0,0.0,0.0,9U8J4abJGDg_0.avi_1.jpg
0.0,0.0,0.0,0.0,0.0,9uvZbSsy_0.avi_0.jpg
0.0,0.0,0.0,0.0,0.0,9uvZbSsy_0.avi_1.jpg
0.0,0.0,0.0,0.0,0.0,a2qLzOu_n0s_0.avi_0.jpg
0.0,0.0,0.0,0.0,0.0,a2qLzOu_n0s_0.avi_1.jpg
0.0,0.0,0.0,0.0,0.0,a39igxDY_0.avi_0.jpg
0.0,0.0,0.0,0.0,0.0,a39igxDY_0.avi_1.jpg
0.0,0.0,0.0,0.0,0.0,a7gBQaAFEtw_1.avi_0.jpg
0.0,0.0,0.0,0.0,0.0,a7gBQaAFEtw_1.avi_1.jpg
0.0,0.0,0.0,0.0,0.0,a7gBQaAFEtw_2.avi_0.jpg
0.0,0.0,0.0,0.0,0.0,a7gBQaAFEtw_2.avi_1.jpg
0.0,0.0,0.0,0.0,0.0,a7gBQaAFEtw_3.avi_0.jpg
0.0,0.0,0.0,0.0,0.0,a7gBQaAFEtw_3.avi_1.jpg
0.0,0.0,0.0,0.0,0.0,a7gBQaAFEtw_5.avi_0.jpg
0.0,0.0,0.0,0.0,0.0,a7gBQaAFEtw_5.avi_1.jpg
0.0,0.0,0.0,0.0,0.0,AbD9xwut_0.avi_0.jpg
0.0,0.0,0.0,0.0,0.0,AbD9xwut_0.avi_1.jpg
0.0,0.0,0.0,0.0,0.0,AEGjLggu_0.avi_0.jpg
0.0,0.0,0.0,0.0,0.0,AEGjLggu_0.avi_1.jpg
0.0,0.0,0.0,0.0,0.0,AG0ofjSP_0.avi_0.jpg
0.0,0.0,0.0,0.0,0.0,AG0ofjSP_0.avi_1.jpg
0.0,0.0,0.0,0.0,0.0,aGfwZ3E4_0.avi_0.jpg
0.0,0.0,0.0,0.0,0.0,aGfwZ3E4_0.avi_1.jpg
0.0,0.0,0.0,0.0,0.0,ajJRyYZUEtA_0.avi_0.jpg
0.0,0.0,0.0,0.0,0.0,ajJRyYZUEtA_0.avi_1.jpg
0.0,0.0,0.0,0.0,0.0,ajJRyYZUEtA_1.avi_0.jpg
0.0,0.0,0.0,0.0,0.0,ajJRyYZUEtA_1.avi_1.jpg
0.0,0.0,0.0,0.0,0.0,ajJRyYZUEtA_2.avi_0.jpg
0.0,0.0,0.0,0.0,0.0,ajJRyYZUEtA_2.avi_1.jpg
0.0,0.0,0.0,0.0,0.0,aKgSasWRJ2s_0.avi_0.jpg
0.0,0.0,0.0,0.0,0.0,aKgSasWRJ2s_0.avi_1.jpg
0.0,0.0,0.0,0.0,0.0,aKK0B4kpKZA_0.avi_0.jpg
0.0,0.0,0.0,0.0,0.0,aKK0B4kpKZA_0.avi_1.jpg
0.0,0.0,0.0,0.0,0.0,Am9mUxPTvK4_0.avi_0.jpg
0.0,0.0,0.0,0.0,0.0,Am9mUxPTvK4_0.avi_1.jpg
0.0,0.0,0.0,0.0,0.0,aoFX2ZCB_0.avi_0.jpg
0.0,0.0,0.0,0.0,0.0,aoFX2ZCB_0.avi_1.jpg
0.0,0.0,0.0,0.0,0.0,API3q8TBGu4_0.avi_0.jpg
0.0,0.0,0.0,0.0,0.0,API3q8TBGu4_0.avi_1.jpg
0.0,0.0,0.0,0.0,0.0,API3q8TBGu4_1.avi_0.jpg
0.0,0.0,0.0,0.0,0.0,API3q8TBGu4_1.avi_1.jpg
0.0,0.0,0.0,0.0,0.0,aQysMqg0K7M_0.avi_0.jpg
0.0,0.0,0.0,0.0,0.0,aQysMqg0K7M_0.avi_1.jpg
0.0,0.0,0.0,0.0,0.0,aQysMqg0K7M_1.avi_0.jpg
0.0,0.0,0.0,0.0,0.0,aQysMqg0K7M_1.avi_1.jpg
0.0,0.0,0.0,0.0,0.0,aQysMqg0K7M_2.avi_0.jpg
0.0,0.0,0.0,0.0,0.0,aQysMqg0K7M_2.avi_1.jpg
0.0,0.0,0.0,0.0,0.0,aQysMqg0K7M_3.avi_0.jpg
0.0,0.0,0.0,0.0,0.0,aQysMqg0K7M_3.avi_1.jpg
0.0,0.0,0.0,0.0,0.0,aRvWjteA_0.avi_0.jpg
0.0,0.0,0.0,0.0,0.0,aRvWjteA_0.avi_1.jpg
0.0,0.0,0.0,0.0,0.0,arXD3QM2_0.avi_0.jpg
0.0,0.0,0.0,0.0,0.0,arXD3QM2_0.avi_1.jpg
0.0,0.0,0.0,0.0,0.0,AsGAgf8U2rk_0.avi_0.jpg
0.0,0.0,0.0,0.0,0.0,AsGAgf8U2rk_0.avi_1.jpg
0.0,0.0,0.0,0.0,0.0,Assault005_x264_0.avi_0.jpg
0.0,0.0,0.0,0.0,0.0,Assault005_x264_0.avi_1.jpg
0.0,0.0,0.0,0.0,0.0,Assault005_x264_1.avi_0.jpg
0.0,0.0,0.0,0.0,0.0,Assault005_x264_1.avi_1.jpg
0.0,0.0,0.0,0.0,0.0,Assault009_x264_0.avi_0.jpg
0.0,0.0,0.0,0.0,0.0,Assault009_x264_0.avi_1.jpg
0.0,0.0,0.0,0.0,0.0,Assault009_x264_1.avi_0.jpg
0.0,0.0,0.0,0.0,0.0,Assault009_x264_1.avi_1.jpg
0.0,0.0,0.0,0.0,0.0,Assault010_x264_0.avi_0.jpg
0.0,0.0,0.0,0.0,0.0,Assault010_x264_0.avi_1.jpg
0.0,0.0,0.0,0.0,0.0,Assault010_x264_1.avi_0.jpg
0.0,0.0,0.0,0.0,0.0,Assault010_x264_1.avi_1.jpg
0.0,0.0,0.0,0.0,0.0,Assault011_x264_0.avi_0.jpg
0.0,0.0,0.0,0.0,0.0,Assault011_x264_0.avi_1.jpg
0.0,0.0,0.0,0.0,0.0,Assault011_x264_1.avi_0.jpg
0.0,0.0,0.0,0.0,0.0,Assault011_x264_1.avi_1.jpg
0.0,0.0,0.0,0.0,0.0,az7WDDFT_0.avi_0.jpg
0.0,0.0,0.0,0.0,0.0,az7WDDFT_0.avi_1.jpg
0.0,0.0,0.0,0.0,0.0,B3UdlWcs_0.avi_0.jpg
0.0,0.0,0.0,0.0,0.0,B3UdlWcs_0.avi_1.jpg
0.0,0.0,0.0,0.0,0.0,B6DO4tXb_0.avi_0.jpg
0.0,0.0,0.0,0.0,0.0,B6DO4tXb_0.avi_1.jpg
0.0,0.0,0.0,0.0,0.0,b6XfVAZC9Zs_0.avi_0.jpg
0.0,0.0,0.0,0.0,0.0,b6XfVAZC9Zs_0.avi_1.jpg
0.0,0.0,0.0,0.0,0.0,b6XfVAZC9Zs_1.avi_0.jpg
0.0,0.0,0.0,0.0,0.0,b6XfVAZC9Zs_1.avi_1.jpg
0.0,0.0,0.0,0.0,0.0,b6XfVAZC9Zs_2.avi_0.jpg
0.0,0.0,0.0,0.0,0.0,b6XfVAZC9Zs_2.avi_1.jpg
0.0,0.0,0.0,0.0,0.0,bd48s5BpoGY_0.avi_0.jpg
0.0,0.0,0.0,0.0,0.0,bd48s5BpoGY_0.avi_1.jpg
0.0,0.0,0.0,0.0,0.0,BEoVUtDm_0.avi_0.jpg
0.0,0.0,0.0,0.0,0.0,BEoVUtDm_0.avi_1.jpg
0.0,0.0,0.0,0.0,0.0,bK1saynI_0.avi_0.jpg
0.0,0.0,0.0,0.0,0.0,bK1saynI_0.avi_1.jpg
0.0,0.0,0.0,0.0,0.0,BKtajPcB_0.avi_0.jpg
0.0,0.0,0.0,0.0,0.0,BKtajPcB_0.avi_1.jpg
0.0,0.0,0.0,0.0,0.0,BOLcNZ5O_0.avi_0.jpg
0.0,0.0,0.0,0.0,0.0,BOLcNZ5O_0.avi_1.jpg
0.0,0.0,0.0,0.0,0.0,BOt8ZMpM_0.avi_0.jpg
0.0,0.0,0.0,0.0,0.0,BOt8ZMpM_0.avi_1.jpg
0.0,0.0,0.0,0.0,0.0,BpargJW29Wo_0.avi_0.jpg
0.0,0.0,0.0,0.0,0.0,BpargJW29Wo_0.avi_1.jpg
0.0,0.0,0.0,0.0,0.0,BpargJW29Wo_1.avi_0.jpg
0.0,0.0,0.0,0.0,0.0,BpargJW29Wo_1.avi_1.jpg
0.0,0.0,0.0,0.0,0.0,bpbiA2sr_0.avi_0.jpg
0.0,0.0,0.0,0.0,0.0,bpbiA2sr_0.avi_1.jpg
0.0,0.0,0.0,0.0,0.0,bQHNsRpQOIE_0.avi_0.jpg
0.0,0.0,0.0,0.0,0.0,bQHNsRpQOIE_0.avi_1.jpg
0.0,0.0,0.0,0.0,0.0,bQHNsRpQOIE_1.avi_0.jpg
0.0,0.0,0.0,0.0,0.0,bQHNsRpQOIE_1.avi_1.jpg
0.0,0.0,0.0,0.0,0.0,BUjGBAPb_0.avi_0.jpg
0.0,0.0,0.0,0.0,0.0,BUjGBAPb_0.avi_1.jpg
0.0,0.0,0.0,0.0,0.0,c1bRFt0x_0.avi_0.jpg
0.0,0.0,0.0,0.0,0.0,c1bRFt0x_0.avi_1.jpg
0.0,0.0,0.0,0.0,0.0,c1PJngmt_0.avi_0.jpg
0.0,0.0,0.0,0.0,0.0,c1PJngmt_0.avi_1.jpg
0.0,0.0,0.0,0.0,0.0,C3cT1JGv_0.avi_0.jpg
0.0,0.0,0.0,0.0,0.0,C3cT1JGv_0.avi_1.jpg
0.0,0.0,0.0,0.0,0.0,C4SQF-UZzkA_0.avi_0.jpg
0.0,0.0,0.0,0.0,0.0,C4SQF-UZzkA_0.avi_1.jpg
0.0,0.0,0.0,0.0,0.0,C4SQF-UZzkA_1.avi_0.jpg
0.0,0.0,0.0,0.0,0.0,C4SQF-UZzkA_1.avi_1.jpg
0.0,0.0,0.0,0.0,0.0,C4SQF-UZzkA_2.avi_0.jpg
0.0,0.0,0.0,0.0,0.0,C4SQF-UZzkA_2.avi_1.jpg
0.0,0.0,0.0,0.0,0.0,C76VU1PQ_0.avi_0.jpg
0.0,0.0,0.0,0.0,0.0,C76VU1PQ_0.avi_1.jpg
0.0,0.0,0.0,0.0,0.0,C7sNO3e2_0.avi_0.jpg
0.0,0.0,0.0,0.0,0.0,C7sNO3e2_0.avi_1.jpg
0.0,0.0,0.0,0.0,0.0,cAp5A44HRS8_0.avi_0.jpg
0.0,0.0,0.0,0.0,0.0,cAp5A44HRS8_0.avi_1.jpg
0.0,0.0,0.0,0.0,0.0,cAp5A44HRS8_1.avi_0.jpg
0.0,0.0,0.0,0.0,0.0,cAp5A44HRS8_1.avi_1.jpg
0.0,0.0,0.0,0.0,0.0,cErr6pCN_0.avi_0.jpg
0.0,0.0,0.0,0.0,0.0,cErr6pCN_0.avi_1.jpg
0.0,0.0,0.0,0.0,0.0,cfks5NXs_0.avi_0.jpg
0.0,0.0,0.0,0.0,0.0,cfks5NXs_0.avi_1.jpg
0.0,0.0,0.0,0.0,0.0,cfOKjx8l_0.avi_0.jpg
0.0,0.0,0.0,0.0,0.0,cfOKjx8l_0.avi_1.jpg
0.0,0.0,0.0,0.0,0.0,CfPgoKqk_0.avi_0.jpg
0.0,0.0,0.0,0.0,0.0,CfPgoKqk_0.avi_1.jpg
0.0,0.0,0.0,0.0,0.0,cHsy9xWM_0.avi_0.jpg
0.0,0.0,0.0,0.0,0.0,cHsy9xWM_0.avi_1.jpg
0.0,0.0,0.0,0.0,0.0,cJvLTWGs-SE_0.avi_0.jpg
0.0,0.0,0.0,0.0,0.0,cJvLTWGs-SE_0.avi_1.jpg
0.0,0.0,0.0,0.0,0.0,cJvLTWGs-SE_1.avi_0.jpg
0.0,0.0,0.0,0.0,0.0,cJvLTWGs-SE_1.avi_1.jpg
0.0,0.0,0.0,0.0,0.0,CKzrrb7E_0.avi_0.jpg
0.0,0.0,0.0,0.0,0.0,CKzrrb7E_0.avi_1.jpg
0.0,0.0,0.0,0.0,0.0,cLsPLNQn_0.avi_0.jpg
0.0,0.0,0.0,0.0,0.0,cLsPLNQn_0.avi_1.jpg
0.0,0.0,0.0,0.0,0.0,cPeNUm31_0.avi_0.jpg
0.0,0.0,0.0,0.0,0.0,cPeNUm31_0.avi_1.jpg
0.0,0.0,0.0,0.0,0.0,CPGf41PN_0.avi_0.jpg
0.0,0.0,0.0,0.0,0.0,CPGf41PN_0.avi_1.jpg
0.0,0.0,0.0,0.0,0.0,CqJB8ZWLZ-o_0.avi_0.jpg
0.0,0.0,0.0,0.0,0.0,CqJB8ZWLZ-o_0.avi_1.jpg
0.0,0.0,0.0,0.0,0.0,CqJB8ZWLZ-o_1.avi_0.jpg
0.0,0.0,0.0,0.0,0.0,CqJB8ZWLZ-o_1.avi_1.jpg
0.0,0.0,0.0,0.0,0.0,CqJB8ZWLZ-o_2.avi_0.jpg
0.0,0.0,0.0,0.0,0.0,CqJB8ZWLZ-o_2.avi_1.jpg
0.0,0.0,0.0,0.0,0.0,CqJB8ZWLZ-o_3.avi_0.jpg
0.0,0.0,0.0,0.0,0.0,CqJB8ZWLZ-o_3.avi_1.jpg
0.0,0.0,0.0,0.0,0.0,cqP8OyUh_0.avi_0.jpg
0.0,0.0,0.0,0.0,0.0,cqP8OyUh_0.avi_1.jpg
0.0,0.0,0.0,0.0,0.0,cURNFrn5_0.avi_0.jpg
0.0,0.0,0.0,0.0,0.0,cURNFrn5_0.avi_1.jpg
0.0,0.0,0.0,0.0,0.0,cVYo5yT2_0.avi_0.jpg
0.0,0.0,0.0,0.0,0.0,cVYo5yT2_0.avi_1.jpg
0.0,0.0,0.0,0.0,0.0,cWJ92fkhME4_0.avi_0.jpg
0.0,0.0,0.0,0.0,0.0,cWJ92fkhME4_0.avi_1.jpg
0.0,0.0,0.0,0.0,0.0,cwLtq5Y3_0.avi_0.jpg
0.0,0.0,0.0,0.0,0.0,cwLtq5Y3_0.avi_1.jpg
0.0,0.0,0.0,0.0,0.0,d3WwO8eM_0.avi_0.jpg
0.0,0.0,0.0,0.0,0.0,d3WwO8eM_0.avi_1.jpg
0.0,0.0,0.0,0.0,0.0,D6cjNRiP_0.avi_0.jpg
0.0,0.0,0.0,0.0,0.0,D6cjNRiP_0.avi_1.jpg
0.0,0.0,0.0,0.0,0.0,DAMfrqpC_0.avi_0.jpg
0.0,0.0,0.0,0.0,0.0,DAMfrqpC_0.avi_1.jpg
0.0,0.0,0.0,0.0,0.0,dBllnaSKVfQ_0.avi_0.jpg
0.0,0.0,0.0,0.0,0.0,dBllnaSKVfQ_0.avi_1.jpg
0.0,0.0,0.0,0.0,0.0,dDNWfVPw_0.avi_0.jpg
0.0,0.0,0.0,0.0,0.0,dDNWfVPw_0.avi_1.jpg
0.0,0.0,0.0,0.0,0.0,DIsQwAdR8MI_0.avi_0.jpg
0.0,0.0,0.0,0.0,0.0,DIsQwAdR8MI_0.avi_1.jpg
0.0,0.0,0.0,0.0,0.0,DjLWv5mr_0.avi_0.jpg
0.0,0.0,0.0,0.0,0.0,DjLWv5mr_0.avi_1.jpg
0.0,0.0,0.0,0.0,0.0,DL2gWMZA_0.avi_0.jpg
0.0,0.0,0.0,0.0,0.0,DL2gWMZA_0.avi_1.jpg
0.0,0.0,0.0,0.0,0.0,dNDOYLTf_0.avi_0.jpg
0.0,0.0,0.0,0.0,0.0,dNDOYLTf_0.avi_1.jpg
0.0,0.0,0.0,0.0,0.0,dOM7frJMFbc_0.avi_0.jpg
0.0,0.0,0.0,0.0,0.0,dOM7frJMFbc_0.avi_1.jpg
0.0,0.0,0.0,0.0,0.0,dOM7frJMFbc_3.avi_0.jpg
0.0,0.0,0.0,0.0,0.0,dOM7frJMFbc_3.avi_1.jpg
0.0,0.0,0.0,0.0,0.0,dOo2X5wR_0.avi_0.jpg
0.0,0.0,0.0,0.0,0.0,dOo2X5wR_0.avi_1.jpg
0.0,0.0,0.0,0.0,0.0,dP20avzQAf8_0.avi_0.jpg
0.0,0.0,0.0,0.0,0.0,dP20avzQAf8_0.avi_1.jpg
0.0,0.0,0.0,0.0,0.0,dPV9BZrq_0.avi_0.jpg
0.0,0.0,0.0,0.0,0.0,dPV9BZrq_0.avi_1.jpg
0.0,0.0,0.0,0.0,0.0,DrKgJwIv_0.avi_0.jpg
0.0,0.0,0.0,0.0,0.0,DrKgJwIv_0.avi_1.jpg
0.0,0.0,0.0,0.0,0.0,dt8YUGoOSgQ_0.avi_0.jpg
0.0,0.0,0.0,0.0,0.0,dt8YUGoOSgQ_0.avi_1.jpg
0.0,0.0,0.0,0.0,0.0,dt8YUGoOSgQ_1.avi_0.jpg
0.0,0.0,0.0,0.0,0.0,dt8YUGoOSgQ_1.avi_1.jpg
0.0,0.0,0.0,0.0,0.0,DThokDTW_0.avi_0.jpg
0.0,0.0,0.0,0.0,0.0,DThokDTW_0.avi_1.jpg
0.0,0.0,0.0,0.0,0.0,DTq6Gu30-uA_0.avi_0.jpg
0.0,0.0,0.0,0.0,0.0,DTq6Gu30-uA_0.avi_1.jpg
0.0,0.0,0.0,0.0,0.0,DTq6Gu30-uA_1.avi_0.jpg
0.0,0.0,0.0,0.0,0.0,DTq6Gu30-uA_1.avi_1.jpg
0.0,0.0,0.0,0.0,0.0,DTq6Gu30-uA_2.avi_0.jpg
0.0,0.0,0.0,0.0,0.0,DTq6Gu30-uA_2.avi_1.jpg
0.0,0.0,0.0,0.0,0.0,DWEBHWM9_0.avi_0.jpg
0.0,0.0,0.0,0.0,0.0,DWEBHWM9_0.avi_1.jpg
0.0,0.0,0.0,0.0,0.0,DX5wwFlF_0.avi_0.jpg
0.0,0.0,0.0,0.0,0.0,DX5wwFlF_0.avi_1.jpg
0.0,0.0,0.0,0.0,0.0,DZdLP0rd_0.avi_0.jpg
0.0,0.0,0.0,0.0,0.0,DZdLP0rd_0.avi_1.jpg
0.0,0.0,0.0,0.0,0.0,d_93UNyiVM4_0.avi_0.jpg
0.0,0.0,0.0,0.0,0.0,d_93UNyiVM4_0.avi_1.jpg
0.0,0.0,0.0,0.0,0.0,d_93UNyiVM4_1.avi_0.jpg
0.0,0.0,0.0,0.0,0.0,d_93UNyiVM4_1.avi_1.jpg
0.0,0.0,0.0,0.0,0.0,E0Huf4Qi0JE_0.avi_0.jpg
0.0,0.0,0.0,0.0,0.0,E0Huf4Qi0JE_0.avi_1.jpg
0.0,0.0,0.0,0.0,0.0,E2gqgFNyPL8_0.avi_0.jpg
0.0,0.0,0.0,0.0,0.0,E2gqgFNyPL8_0.avi_1.jpg
0.0,0.0,0.0,0.0,0.0,E2gqgFNyPL8_1.avi_0.jpg
0.0,0.0,0.0,0.0,0.0,E2gqgFNyPL8_1.avi_1.jpg
0.0,0.0,0.0,0.0,0.0,E2gqgFNyPL8_2.avi_0.jpg
0.0,0.0,0.0,0.0,0.0,E2gqgFNyPL8_2.avi_1.jpg
0.0,0.0,0.0,0.0,0.0,e4U3gEDEB58_0.avi_0.jpg
0.0,0.0,0.0,0.0,0.0,e4U3gEDEB58_0.avi_1.jpg
0.0,0.0,0.0,0.0,0.0,e6iHy7V5_0.avi_0.jpg
0.0,0.0,0.0,0.0,0.0,e6iHy7V5_0.avi_1.jpg
0.0,0.0,0.0,0.0,0.0,EBwt3Thb_0.avi_0.jpg
0.0,0.0,0.0,0.0,0.0,EBwt3Thb_0.avi_1.jpg
0.0,0.0,0.0,0.0,0.0,EckGCByW_0.avi_0.jpg
0.0,0.0,0.0,0.0,0.0,EckGCByW_0.avi_1.jpg
0.0,0.0,0.0,0.0,0.0,EDaOod1H_0.avi_0.jpg
0.0,0.0,0.0,0.0,0.0,EDaOod1H_0.avi_1.jpg
0.0,0.0,0.0,0.0,0.0,eF5S8iGLAm4_0.avi_0.jpg
0.0,0.0,0.0,0.0,0.0,eF5S8iGLAm4_0.avi_1.jpg
0.0,0.0,0.0,0.0,0.0,eF5S8iGLAm4_1.avi_0.jpg
0.0,0.0,0.0,0.0,0.0,eF5S8iGLAm4_1.avi_1.jpg
0.0,0.0,0.0,0.0,0.0,EGhykgb4_0.avi_0.jpg
0.0,0.0,0.0,0.0,0.0,EGhykgb4_0.avi_1.jpg
0.0,0.0,0.0,0.0,0.0,EizIwdII_0.avi_0.jpg
0.0,0.0,0.0,0.0,0.0,EizIwdII_0.avi_1.jpg
0.0,0.0,0.0,0.0,0.0,ELL0jBUP_0.avi_0.jpg
0.0,0.0,0.0,0.0,0.0,ELL0jBUP_0.avi_1.jpg
0.0,0.0,0.0,0.0,0.0,emGsAcqs_0.avi_0.jpg
0.0,0.0,0.0,0.0,0.0,emGsAcqs_0.avi_1.jpg
0.0,0.0,0.0,0.0,0.0,eNoGYdL1_0.avi_0.jpg
0.0,0.0,0.0,0.0,0.0,eNoGYdL1_0.avi_1.jpg
0.0,0.0,0.0,0.0,0.0,ep1_I0f-u7g_0.avi_0.jpg
0.0,0.0,0.0,0.0,0.0,ep1_I0f-u7g_0.avi_1.jpg
0.0,0.0,0.0,0.0,0.0,ep1_I0f-u7g_1.avi_0.jpg
0.0,0.0,0.0,0.0,0.0,ep1_I0f-u7g_1.avi_1.jpg
0.0,0.0,0.0,0.0,0.0,EUgjFWbm_0.avi_0.jpg
0.0,0.0,0.0,0.0,0.0,EUgjFWbm_0.avi_1.jpg
0.0,0.0,0.0,0.0,0.0,eUtGwBik_0.avi_0.jpg
0.0,0.0,0.0,0.0,0.0,eUtGwBik_0.avi_1.jpg
0.0,0.0,0.0,0.0,0.0,ev8va5uR_0.avi_0.jpg
0.0,0.0,0.0,0.0,0.0,ev8va5uR_0.avi_1.jpg
0.0,0.0,0.0,0.0,0.0,f50PQz7mXds_0.avi_0.jpg
0.0,0.0,0.0,0.0,0.0,f50PQz7mXds_0.avi_1.jpg
0.0,0.0,0.0,0.0,0.0,f50PQz7mXds_1.avi_0.jpg
0.0,0.0,0.0,0.0,0.0,f50PQz7mXds_1.avi_1.jpg
0.0,0.0,0.0,0.0,0.0,F7W6PQ3V3y8_0.avi_0.jpg
0.0,0.0,0.0,0.0,0.0,F7W6PQ3V3y8_0.avi_1.jpg
0.0,0.0,0.0,0.0,0.0,F7W6PQ3V3y8_1.avi_0.jpg
0.0,0.0,0.0,0.0,0.0,F7W6PQ3V3y8_1.avi_1.jpg
0.0,0.0,0.0,0.0,0.0,F7W6PQ3V3y8_2.avi_0.jpg
0.0,0.0,0.0,0.0,0.0,F7W6PQ3V3y8_2.avi_1.jpg
0.0,0.0,0.0,0.0,0.0,F7W6PQ3V3y8_3.avi_0.jpg
0.0,0.0,0.0,0.0,0.0,F7W6PQ3V3y8_3.avi_1.jpg
0.0,0.0,0.0,0.0,0.0,f9jcrHqO_0.avi_0.jpg
0.0,0.0,0.0,0.0,0.0,f9jcrHqO_0.avi_1.jpg
0.0,0.0,0.0,0.0,0.0,fBwfFDcgJlk_0.avi_0.jpg
0.0,0.0,0.0,0.0,0.0,fBwfFDcgJlk_0.avi_1.jpg
0.0,0.0,0.0,0.0,0.0,fHOVzWgX_0.avi_0.jpg
0.0,0.0,0.0,0.0,0.0,fHOVzWgX_0.avi_1.jpg
0.0,0.0,0.0,0.0,0.0,Fighting014_x264_0.avi_0.jpg
0.0,0.0,0.0,0.0,0.0,Fighting014_x264_0.avi_1.jpg
0.0,0.0,0.0,0.0,0.0,fJkWWpNB_0.avi_0.jpg
0.0,0.0,0.0,0.0,0.0,fJkWWpNB_0.avi_1.jpg
0.0,0.0,0.0,0.0,0.0,Fk3lg4wG_0.avi_0.jpg
0.0,0.0,0.0,0.0,0.0,Fk3lg4wG_0.avi_1.jpg
0.0,0.0,0.0,0.0,0.0,FKl98mfo_0.avi_0.jpg
0.0,0.0,0.0,0.0,0.0,FKl98mfo_0.avi_1.jpg
0.0,0.0,0.0,0.0,0.0,fMmvH1Fa_0.avi_0.jpg
0.0,0.0,0.0,0.0,0.0,fMmvH1Fa_0.avi_1.jpg
0.0,0.0,0.0,0.0,0.0,Fn4sSVbO_0.avi_0.jpg
0.0,0.0,0.0,0.0,0.0,Fn4sSVbO_0.avi_1.jpg
0.0,0.0,0.0,0.0,0.0,fNy9LoED_0.avi_0.jpg
0.0,0.0,0.0,0.0,0.0,fNy9LoED_0.avi_1.jpg
0.0,0.0,0.0,0.0,0.0,FPU7QpO4_0.avi_0.jpg
0.0,0.0,0.0,0.0,0.0,FPU7QpO4_0.avi_1.jpg
0.0,0.0,0.0,0.0,0.0,FrwBev61_0.avi_0.jpg
0.0,0.0,0.0,0.0,0.0,FrwBev61_0.avi_1.jpg
0.0,0.0,0.0,0.0,0.0,FSaZ8wiFw8Q_0.avi_0.jpg
0.0,0.0,0.0,0.0,0.0,FSaZ8wiFw8Q_0.avi_1.jpg
0.0,0.0,0.0,0.0,0.0,fvtpgsrF_0.avi_0.jpg
0.0,0.0,0.0,0.0,0.0,fvtpgsrF_0.avi_1.jpg
0.0,0.0,0.0,0.0,0.0,fwEk96k8g_I_0.avi_0.jpg
0.0,0.0,0.0,0.0,0.0,fwEk96k8g_I_0.avi_1.jpg
0.0,0.0,0.0,0.0,0.0,fwEk96k8g_I_1.avi_0.jpg
0.0,0.0,0.0,0.0,0.0,fwEk96k8g_I_1.avi_1.jpg
0.0,0.0,0.0,0.0,0.0,FWsNU4WI_0.avi_0.jpg
0.0,0.0,0.0,0.0,0.0,FWsNU4WI_0.avi_1.jpg
0.0,0.0,0.0,0.0,0.0,FZDDNtcaBcw_0.avi_0.jpg
0.0,0.0,0.0,0.0,0.0,FZDDNtcaBcw_0.avi_1.jpg
0.0,0.0,0.0,0.0,0.0,G0rgy9Ts_0.avi_0.jpg
0.0,0.0,0.0,0.0,0.0,G0rgy9Ts_0.avi_1.jpg
0.0,0.0,0.0,0.0,0.0,g3QdfSDk_0.avi_0.jpg
0.0,0.0,0.0,0.0,0.0,g3QdfSDk_0.avi_1.jpg
0.0,0.0,0.0,0.0,0.0,G9uNZGcK_0.avi_0.jpg
0.0,0.0,0.0,0.0,0.0,G9uNZGcK_0.avi_1.jpg
0.0,0.0,0.0,0.0,0.0,gAFkygeJ_0.avi_0.jpg
0.0,0.0,0.0,0.0,0.0,gAFkygeJ_0.avi_1.jpg
0.0,0.0,0.0,0.0,0.0,gBBRxXBI_0.avi_0.jpg
0.0,0.0,0.0,0.0,0.0,gBBRxXBI_0.avi_1.jpg
0.0,0.0,0.0,0.0,0.0,gDeDWPVe_0.avi_0.jpg
0.0,0.0,0.0,0.0,0.0,gDeDWPVe_0.avi_1.jpg
0.0,0.0,0.0,0.0,0.0,gEODOSeI_0.avi_0.jpg
0.0,0.0,0.0,0.0,0.0,gEODOSeI_0.avi_1.jpg
0.0,0.0,0.0,0.0,0.0,GgT095uX_0.avi_0.jpg
0.0,0.0,0.0,0.0,0.0,GgT095uX_0.avi_1.jpg
0.0,0.0,0.0,0.0,0.0,gHcG_c1i4uE_0.avi_0.jpg
0.0,0.0,0.0,0.0,0.0,gHcG_c1i4uE_0.avi_1.jpg
0.0,0.0,0.0,0.0,0.0,gHcG_c1i4uE_1.avi_0.jpg
0.0,0.0,0.0,0.0,0.0,gHcG_c1i4uE_1.avi_1.jpg
0.0,0.0,0.0,0.0,0.0,GhZRf4GIw0w_0.avi_0.jpg
0.0,0.0,0.0,0.0,0.0,GhZRf4GIw0w_0.avi_1.jpg
0.0,0.0,0.0,0.0,0.0,gI4u3PwG_0.avi_0.jpg
0.0,0.0,0.0,0.0,0.0,gI4u3PwG_0.avi_1.jpg
0.0,0.0,0.0,0.0,0.0,gJDvtfRrM7k_0.avi_0.jpg
0.0,0.0,0.0,0.0,0.0,gJDvtfRrM7k_0.avi_1.jpg
0.0,0.0,0.0,0.0,0.0,gk0v57Xn_0.avi_0.jpg
0.0,0.0,0.0,0.0,0.0,gk0v57Xn_0.avi_1.jpg
0.0,0.0,0.0,0.0,0.0,GL9jSSxg_0.avi_0.jpg
0.0,0.0,0.0,0.0,0.0,GL9jSSxg_0.avi_1.jpg
0.0,0.0,0.0,0.0,0.0,gNUhUpxZ_0.avi_0.jpg
0.0,0.0,0.0,0.0,0.0,gNUhUpxZ_0.avi_1.jpg
0.0,0.0,0.0,0.0,0.0,GodUly2k_0.avi_0.jpg
0.0,0.0,0.0,0.0,0.0,GodUly2k_0.avi_1.jpg
0.0,0.0,0.0,0.0,0.0,golJWJCak1k_0.avi_0.jpg
0.0,0.0,0.0,0.0,0.0,golJWJCak1k_0.avi_1.jpg
0.0,0.0,0.0,0.0,0.0,golJWJCak1k_1.avi_0.jpg
0.0,0.0,0.0,0.0,0.0,golJWJCak1k_1.avi_1.jpg
0.0,0.0,0.0,0.0,0.0,Gr3ikl6A2bE_0.avi_0.jpg
0.0,0.0,0.0,0.0,0.0,Gr3ikl6A2bE_0.avi_1.jpg
0.0,0.0,0.0,0.0,0.0,gR4OsEPl894_0.avi_0.jpg
0.0,0.0,0.0,0.0,0.0,gR4OsEPl894_0.avi_1.jpg
0.0,0.0,0.0,0.0,0.0,gR4OsEPl894_1.avi_0.jpg
0.0,0.0,0.0,0.0,0.0,gR4OsEPl894_1.avi_1.jpg
0.0,0.0,0.0,0.0,0.0,gR4OsEPl894_2.avi_0.jpg
0.0,0.0,0.0,0.0,0.0,gR4OsEPl894_2.avi_1.jpg
0.0,0.0,0.0,0.0,0.0,gR4OsEPl894_3.avi_0.jpg
0.0,0.0,0.0,0.0,0.0,gR4OsEPl894_3.avi_1.jpg
0.0,0.0,0.0,0.0,0.0,grxri53x_0.avi_0.jpg
0.0,0.0,0.0,0.0,0.0,grxri53x_0.avi_1.jpg
0.0,0.0,0.0,0.0,0.0,gUYfrLHe_0.avi_0.jpg
0.0,0.0,0.0,0.0,0.0,gUYfrLHe_0.avi_1.jpg
0.0,0.0,0.0,0.0,0.0,GVdnjHyU_0.avi_0.jpg
0.0,0.0,0.0,0.0,0.0,GVdnjHyU_0.avi_1.jpg
0.0,0.0,0.0,0.0,0.0,gzozjcrr_0.avi_0.jpg
0.0,0.0,0.0,0.0,0.0,gzozjcrr_0.avi_1.jpg
0.0,0.0,0.0,0.0,0.0,GzPhV725_0.avi_0.jpg
0.0,0.0,0.0,0.0,0.0,GzPhV725_0.avi_1.jpg
0.0,0.0,0.0,0.0,0.0,gzrwD4E5_0.avi_0.jpg
0.0,0.0,0.0,0.0,0.0,gzrwD4E5_0.avi_1.jpg
0.0,0.0,0.0,0.0,0.0,GZWxDB1c_0.avi_0.jpg
0.0,0.0,0.0,0.0,0.0,GZWxDB1c_0.avi_1.jpg
0.0,0.0,0.0,0.0,0.0,H1AzC-GyKto_0.avi_0.jpg
0.0,0.0,0.0,0.0,0.0,H1AzC-GyKto_0.avi_1.jpg
0.0,0.0,0.0,0.0,0.0,H1AzC-GyKto_1.avi_0.jpg
0.0,0.0,0.0,0.0,0.0,H1AzC-GyKto_1.avi_1.jpg
0.0,0.0,0.0,0.0,0.0,H1AzC-GyKto_2.avi_0.jpg
0.0,0.0,0.0,0.0,0.0,H1AzC-GyKto_2.avi_1.jpg
0.0,0.0,0.0,0.0,0.0,HAh9eqtO_0.avi_0.jpg
0.0,0.0,0.0,0.0,0.0,HAh9eqtO_0.avi_1.jpg
0.0,0.0,0.0,0.0,0.0,HAoCHqFV_0.avi_0.jpg
0.0,0.0,0.0,0.0,0.0,HAoCHqFV_0.avi_1.jpg
0.0,0.0,0.0,0.0,0.0,HbfZYAXw_0.avi_0.jpg
0.0,0.0,0.0,0.0,0.0,HbfZYAXw_0.avi_1.jpg
0.0,0.0,0.0,0.0,0.0,HG8xQFSd_0.avi_0.jpg
0.0,0.0,0.0,0.0,0.0,HG8xQFSd_0.avi_1.jpg
0.0,0.0,0.0,0.0,0.0,hgMpDK55_0.avi_0.jpg
0.0,0.0,0.0,0.0,0.0,hgMpDK55_0.avi_1.jpg
0.0,0.0,0.0,0.0,0.0,HodGUj8s_0.avi_0.jpg
0.0,0.0,0.0,0.0,0.0,HodGUj8s_0.avi_1.jpg
0.0,0.0,0.0,0.0,0.0,hP8CJJcx_0.avi_0.jpg
0.0,0.0,0.0,0.0,0.0,hP8CJJcx_0.avi_1.jpg
0.0,0.0,0.0,0.0,0.0,hrBh5x_3hW0_0.avi_0.jpg
0.0,0.0,0.0,0.0,0.0,hrBh5x_3hW0_0.avi_1.jpg
0.0,0.0,0.0,0.0,0.0,Hsvzcq2l_0.avi_0.jpg
0.0,0.0,0.0,0.0,0.0,Hsvzcq2l_0.avi_1.jpg
0.0,0.0,0.0,0.0,0.0,HUuRelBW_0.avi_0.jpg
0.0,0.0,0.0,0.0,0.0,HUuRelBW_0.avi_1.jpg
0.0,0.0,0.0,0.0,0.0,HVRUChVh_0.avi_0.jpg
0.0,0.0,0.0,0.0,0.0,HVRUChVh_0.avi_1.jpg
0.0,0.0,0.0,0.0,0.0,HVSv9sgz2ZI_0.avi_0.jpg
0.0,0.0,0.0,0.0,0.0,HVSv9sgz2ZI_0.avi_1.jpg
0.0,0.0,0.0,0.0,0.0,HVSv9sgz2ZI_1.avi_0.jpg
0.0,0.0,0.0,0.0,0.0,HVSv9sgz2ZI_1.avi_1.jpg
0.0,0.0,0.0,0.0,0.0,HVSv9sgz2ZI_2.avi_0.jpg
0.0,0.0,0.0,0.0,0.0,HVSv9sgz2ZI_2.avi_1.jpg
0.0,0.0,0.0,0.0,0.0,HVSv9sgz2ZI_3.avi_0.jpg
0.0,0.0,0.0,0.0,0.0,HVSv9sgz2ZI_3.avi_1.jpg
0.0,0.0,0.0,0.0,0.0,HW48LUZKOL4_1.avi_0.jpg
0.0,0.0,0.0,0.0,0.0,HW48LUZKOL4_1.avi_1.jpg
0.0,0.0,0.0,0.0,0.0,HW48LUZKOL4_2.avi_0.jpg
0.0,0.0,0.0,0.0,0.0,HW48LUZKOL4_2.avi_1.jpg
0.0,0.0,0.0,0.0,0.0,HW48LUZKOL4_3.avi_0.jpg
0.0,0.0,0.0,0.0,0.0,HW48LUZKOL4_3.avi_1.jpg
0.0,0.0,0.0,0.0,0.0,hWBjrqFS_0.avi_0.jpg
0.0,0.0,0.0,0.0,0.0,hWBjrqFS_0.avi_1.jpg
0.0,0.0,0.0,0.0,0.0,HYkbCvPj_0.avi_0.jpg
0.0,0.0,0.0,0.0,0.0,HYkbCvPj_0.avi_1.jpg
0.0,0.0,0.0,0.0,0.0,H_VQJU0Bqpc_0.avi_0.jpg
0.0,0.0,0.0,0.0,0.0,H_VQJU0Bqpc_0.avi_1.jpg
0.0,0.0,0.0,0.0,0.0,H_VQJU0Bqpc_1.avi_0.jpg
0.0,0.0,0.0,0.0,0.0,H_VQJU0Bqpc_1.avi_1.jpg
0.0,0.0,0.0,0.0,0.0,H_VQJU0Bqpc_2.avi_0.jpg
0.0,0.0,0.0,0.0,0.0,H_VQJU0Bqpc_2.avi_1.jpg
0.0,0.0,0.0,0.0,0.0,H_VQJU0Bqpc_3.avi_0.jpg
0.0,0.0,0.0,0.0,0.0,H_VQJU0Bqpc_3.avi_1.jpg
0.0,0.0,0.0,0.0,0.0,I-x0G5pAan0_0.avi_0.jpg
0.0,0.0,0.0,0.0,0.0,I-x0G5pAan0_0.avi_1.jpg
0.0,0.0,0.0,0.0,0.0,I-x0G5pAan0_1.avi_0.jpg
0.0,0.0,0.0,0.0,0.0,I-x0G5pAan0_1.avi_1.jpg
0.0,0.0,0.0,0.0,0.0,i2sLegg2JPA_0.avi_0.jpg
0.0,0.0,0.0,0.0,0.0,i2sLegg2JPA_0.avi_1.jpg
0.0,0.0,0.0,0.0,0.0,i2sLegg2JPA_1.avi_0.jpg
0.0,0.0,0.0,0.0,0.0,i2sLegg2JPA_1.avi_1.jpg
0.0,0.0,0.0,0.0,0.0,i4OubIZo_0.avi_0.jpg
0.0,0.0,0.0,0.0,0.0,i4OubIZo_0.avi_1.jpg
0.0,0.0,0.0,0.0,0.0,i5xJxtv4gXs_0.avi_0.jpg
0.0,0.0,0.0,0.0,0.0,i5xJxtv4gXs_0.avi_1.jpg
0.0,0.0,0.0,0.0,0.0,i5xJxtv4gXs_1.avi_0.jpg
0.0,0.0,0.0,0.0,0.0,i5xJxtv4gXs_1.avi_1.jpg
0.0,0.0,0.0,0.0,0.0,i5xJxtv4gXs_2.avi_0.jpg
0.0,0.0,0.0,0.0,0.0,i5xJxtv4gXs_2.avi_1.jpg
0.0,0.0,0.0,0.0,0.0,I7u5I8Oa_0.avi_0.jpg
0.0,0.0,0.0,0.0,0.0,I7u5I8Oa_0.avi_1.jpg
0.0,0.0,0.0,0.0,0.0,IGCZWiP8_0.avi_0.jpg
0.0,0.0,0.0,0.0,0.0,IGCZWiP8_0.avi_1.jpg
0.0,0.0,0.0,0.0,0.0,iki0PAvq_0.avi_0.jpg
0.0,0.0,0.0,0.0,0.0,iki0PAvq_0.avi_1.jpg
0.0,0.0,0.0,0.0,0.0,iqAmk7ES_0.avi_0.jpg
0.0,0.0,0.0,0.0,0.0,iqAmk7ES_0.avi_1.jpg
0.0,0.0,0.0,0.0,0.0,iRnSE1TL_0.avi_0.jpg
0.0,0.0,0.0,0.0,0.0,iRnSE1TL_0.avi_1.jpg
0.0,0.0,0.0,0.0,0.0,iTs901V6_0.avi_0.jpg
0.0,0.0,0.0,0.0,0.0,iTs901V6_0.avi_1.jpg
0.0,0.0,0.0,0.0,0.0,IynvwHe9W3U_0.avi_0.jpg
0.0,0.0,0.0,0.0,0.0,IynvwHe9W3U_0.avi_1.jpg
0.0,0.0,0.0,0.0,0.0,IynvwHe9W3U_1.avi_0.jpg
0.0,0.0,0.0,0.0,0.0,IynvwHe9W3U_1.avi_1.jpg
0.0,0.0,0.0,0.0,0.0,IynvwHe9W3U_2.avi_0.jpg
0.0,0.0,0.0,0.0,0.0,IynvwHe9W3U_2.avi_1.jpg
0.0,0.0,0.0,0.0,0.0,IynvwHe9W3U_3.avi_0.jpg
0.0,0.0,0.0,0.0,0.0,IynvwHe9W3U_3.avi_1.jpg
0.0,0.0,0.0,0.0,0.0,J2Am3J0z_0.avi_0.jpg
0.0,0.0,0.0,0.0,0.0,J2Am3J0z_0.avi_1.jpg
0.0,0.0,0.0,0.0,0.0,J2rsCgMC_0.avi_0.jpg
0.0,0.0,0.0,0.0,0.0,J2rsCgMC_0.avi_1.jpg
0.0,0.0,0.0,0.0,0.0,JBRqNBaP_0.avi_0.jpg
0.0,0.0,0.0,0.0,0.0,JBRqNBaP_0.avi_1.jpg
0.0,0.0,0.0,0.0,0.0,jbSCSexU_0.avi_0.jpg
0.0,0.0,0.0,0.0,0.0,jbSCSexU_0.avi_1.jpg
0.0,0.0,0.0,0.0,0.0,JD9JJbiJ_0.avi_0.jpg
0.0,0.0,0.0,0.0,0.0,JD9JJbiJ_0.avi_1.jpg
0.0,0.0,0.0,0.0,0.0,jgjAKGZW_0.avi_0.jpg
0.0,0.0,0.0,0.0,0.0,jgjAKGZW_0.avi_1.jpg
0.0,0.0,0.0,0.0,0.0,JgXAUoyJ_0.avi_0.jpg
0.0,0.0,0.0,0.0,0.0,JgXAUoyJ_0.avi_1.jpg
0.0,0.0,0.0,0.0,0.0,jILBnY3lB2Q_0.avi_0.jpg
0.0,0.0,0.0,0.0,0.0,jILBnY3lB2Q_0.avi_1.jpg
0.0,0.0,0.0,0.0,0.0,jILBnY3lB2Q_1.avi_0.jpg
0.0,0.0,0.0,0.0,0.0,jILBnY3lB2Q_1.avi_1.jpg
0.0,0.0,0.0,0.0,0.0,jILBnY3lB2Q_2.avi_0.jpg
0.0,0.0,0.0,0.0,0.0,jILBnY3lB2Q_2.avi_1.jpg
0.0,0.0,0.0,0.0,0.0,jILBnY3lB2Q_3.avi_0.jpg
0.0,0.0,0.0,0.0,0.0,jILBnY3lB2Q_3.avi_1.jpg
0.0,0.0,0.0,0.0,0.0,jj9SJGft_0.avi_0.jpg
0.0,0.0,0.0,0.0,0.0,jj9SJGft_0.avi_1.jpg
0.0,0.0,0.0,0.0,0.0,jOZLjdSi_0.avi_0.jpg
0.0,0.0,0.0,0.0,0.0,jOZLjdSi_0.avi_1.jpg
0.0,0.0,0.0,0.0,0.0,JPIeYvRgo6I_0.avi_0.jpg
0.0,0.0,0.0,0.0,0.0,JPIeYvRgo6I_0.avi_1.jpg
0.0,0.0,0.0,0.0,0.0,JPIeYvRgo6I_1.avi_0.jpg
0.0,0.0,0.0,0.0,0.0,JPIeYvRgo6I_1.avi_1.jpg
0.0,0.0,0.0,0.0,0.0,JPIeYvRgo6I_2.avi_0.jpg
0.0,0.0,0.0,0.0,0.0,JPIeYvRgo6I_2.avi_1.jpg
0.0,0.0,0.0,0.0,0.0,JPMLt2ZH_0.avi_0.jpg
0.0,0.0,0.0,0.0,0.0,JPMLt2ZH_0.avi_1.jpg
0.0,0.0,0.0,0.0,0.0,jR91oXYV_0.avi_0.jpg
0.0,0.0,0.0,0.0,0.0,jR91oXYV_0.avi_1.jpg
0.0,0.0,0.0,0.0,0.0,JsjF2OSJ_0.avi_0.jpg
0.0,0.0,0.0,0.0,0.0,JsjF2OSJ_0.avi_1.jpg
0.0,0.0,0.0,0.0,0.0,jTbvVbkUaPM_0.avi_0.jpg
0.0,0.0,0.0,0.0,0.0,jTbvVbkUaPM_0.avi_1.jpg
0.0,0.0,0.0,0.0,0.0,jTbvVbkUaPM_1.avi_0.jpg
0.0,0.0,0.0,0.0,0.0,jTbvVbkUaPM_1.avi_1.jpg
0.0,0.0,0.0,0.0,0.0,JwfajujK_0.avi_0.jpg
0.0,0.0,0.0,0.0,0.0,JwfajujK_0.avi_1.jpg
0.0,0.0,0.0,0.0,0.0,JWFfsHEG_0.avi_0.jpg
0.0,0.0,0.0,0.0,0.0,JWFfsHEG_0.avi_1.jpg
0.0,0.0,0.0,0.0,0.0,JwTPruSFTjk_1.avi_0.jpg
0.0,0.0,0.0,0.0,0.0,JwTPruSFTjk_1.avi_1.jpg
0.0,0.0,0.0,0.0,0.0,JxpNuQop_0.avi_0.jpg
0.0,0.0,0.0,0.0,0.0,JxpNuQop_0.avi_1.jpg
0.0,0.0,0.0,0.0,0.0,jXrwQsZJ_0.avi_0.jpg
0.0,0.0,0.0,0.0,0.0,jXrwQsZJ_0.avi_1.jpg
0.0,0.0,0.0,0.0,0.0,K4700BuM_0.avi_0.jpg
0.0,0.0,0.0,0.0,0.0,K4700BuM_0.avi_1.jpg
0.0,0.0,0.0,0.0,0.0,kB9NYpu1_0.avi_0.jpg
0.0,0.0,0.0,0.0,0.0,kB9NYpu1_0.avi_1.jpg
0.0,0.0,0.0,0.0,0.0,kBSHDWaGFyc_0.avi_0.jpg
0.0,0.0,0.0,0.0,0.0,kBSHDWaGFyc_0.avi_1.jpg
0.0,0.0,0.0,0.0,0.0,kExp3yhspR0_1.avi_0.jpg
0.0,0.0,0.0,0.0,0.0,kExp3yhspR0_1.avi_1.jpg
0.0,0.0,0.0,0.0,0.0,kExp3yhspR0_2.avi_0.jpg
0.0,0.0,0.0,0.0,0.0,kExp3yhspR0_2.avi_1.jpg
0.0,0.0,0.0,0.0,0.0,kFbpQrq2_0.avi_0.jpg
0.0,0.0,0.0,0.0,0.0,kFbpQrq2_0.avi_1.jpg
0.0,0.0,0.0,0.0,0.0,KklEipxk_0.avi_0.jpg
0.0,0.0,0.0,0.0,0.0,KklEipxk_0.avi_1.jpg
0.0,0.0,0.0,0.0,0.0,KLEwMKTN_0.avi_0.jpg
0.0,0.0,0.0,0.0,0.0,KLEwMKTN_0.avi_1.jpg
0.0,0.0,0.0,0.0,0.0,kLHNW0uRutY_0.avi_0.jpg
0.0,0.0,0.0,0.0,0.0,kLHNW0uRutY_0.avi_1.jpg
0.0,0.0,0.0,0.0,0.0,Km94kW0O_0.avi_0.jpg
0.0,0.0,0.0,0.0,0.0,Km94kW0O_0.avi_1.jpg
0.0,0.0,0.0,0.0,0.0,kMI2JME3Aag_0.avi_0.jpg
0.0,0.0,0.0,0.0,0.0,kMI2JME3Aag_0.avi_1.jpg
0.0,0.0,0.0,0.0,0.0,kMI2JME3Aag_1.avi_0.jpg
0.0,0.0,0.0,0.0,0.0,kMI2JME3Aag_1.avi_1.jpg
0.0,0.0,0.0,0.0,0.0,kMI2JME3Aag_2.avi_0.jpg
0.0,0.0,0.0,0.0,0.0,kMI2JME3Aag_2.avi_1.jpg
0.0,0.0,0.0,0.0,0.0,kMI2JME3Aag_3.avi_0.jpg
0.0,0.0,0.0,0.0,0.0,kMI2JME3Aag_3.avi_1.jpg
0.0,0.0,0.0,0.0,0.0,kMI2JME3Aag_4.avi_0.jpg
0.0,0.0,0.0,0.0,0.0,kMI2JME3Aag_4.avi_1.jpg
0.0,0.0,0.0,0.0,0.0,KOaUqaC8_0.avi_0.jpg
0.0,0.0,0.0,0.0,0.0,KOaUqaC8_0.avi_1.jpg
0.0,0.0,0.0,0.0,0.0,kOp57sQKMPY_0.avi_0.jpg
0.0,0.0,0.0,0.0,0.0,kOp57sQKMPY_0.avi_1.jpg
0.0,0.0,0.0,0.0,0.0,kOp57sQKMPY_1.avi_0.jpg
0.0,0.0,0.0,0.0,0.0,kOp57sQKMPY_1.avi_1.jpg
0.0,0.0,0.0,0.0,0.0,kOp57sQKMPY_2.avi_0.jpg
0.0,0.0,0.0,0.0,0.0,kOp57sQKMPY_2.avi_1.jpg
0.0,0.0,0.0,0.0,0.0,KQTiHlA11fM_0.avi_0.jpg
0.0,0.0,0.0,0.0,0.0,KQTiHlA11fM_0.avi_1.jpg
0.0,0.0,0.0,0.0,0.0,KQTiHlA11fM_1.avi_0.jpg
0.0,0.0,0.0,0.0,0.0,KQTiHlA11fM_1.avi_1.jpg
0.0,0.0,0.0,0.0,0.0,KQTiHlA11fM_2.avi_0.jpg
0.0,0.0,0.0,0.0,0.0,KQTiHlA11fM_2.avi_1.jpg
0.0,0.0,0.0,0.0,0.0,KxOHVkVQ_0.avi_0.jpg
0.0,0.0,0.0,0.0,0.0,KxOHVkVQ_0.avi_1.jpg
0.0,0.0,0.0,0.0,0.0,K_7hT4N2QCE_0.avi_0.jpg
0.0,0.0,0.0,0.0,0.0,K_7hT4N2QCE_0.avi_1.jpg
0.0,0.0,0.0,0.0,0.0,l4gqDHx9_dI_0.avi_0.jpg
0.0,0.0,0.0,0.0,0.0,l4gqDHx9_dI_0.avi_1.jpg
0.0,0.0,0.0,0.0,0.0,l4gqDHx9_dI_1.avi_0.jpg
0.0,0.0,0.0,0.0,0.0,l4gqDHx9_dI_1.avi_1.jpg
0.0,0.0,0.0,0.0,0.0,L9tYVvJY_0.avi_0.jpg
0.0,0.0,0.0,0.0,0.0,L9tYVvJY_0.avi_1.jpg
0.0,0.0,0.0,0.0,0.0,La60qonu_0.avi_0.jpg
0.0,0.0,0.0,0.0,0.0,La60qonu_0.avi_1.jpg
0.0,0.0,0.0,0.0,0.0,La9lzohO_0.avi_0.jpg
0.0,0.0,0.0,0.0,0.0,La9lzohO_0.avi_1.jpg
0.0,0.0,0.0,0.0,0.0,LbYQs9oA_0.avi_0.jpg
0.0,0.0,0.0,0.0,0.0,LbYQs9oA_0.avi_1.jpg
0.0,0.0,0.0,0.0,0.0,lhxMVtH7_0.avi_0.jpg
0.0,0.0,0.0,0.0,0.0,lhxMVtH7_0.avi_1.jpg
0.0,0.0,0.0,0.0,0.0,LiCakkNH_0.avi_0.jpg
0.0,0.0,0.0,0.0,0.0,LiCakkNH_0.avi_1.jpg
0.0,0.0,0.0,0.0,0.0,ljLg4lFbS0Y_0.avi_0.jpg
0.0,0.0,0.0,0.0,0.0,ljLg4lFbS0Y_0.avi_1.jpg
0.0,0.0,0.0,0.0,0.0,ljLg4lFbS0Y_1.avi_0.jpg
0.0,0.0,0.0,0.0,0.0,ljLg4lFbS0Y_1.avi_1.jpg
0.0,0.0,0.0,0.0,0.0,LLo_TXIz5-g_0.avi_0.jpg
0.0,0.0,0.0,0.0,0.0,LLo_TXIz5-g_0.avi_1.jpg
0.0,0.0,0.0,0.0,0.0,LLo_TXIz5-g_1.avi_0.jpg
0.0,0.0,0.0,0.0,0.0,LLo_TXIz5-g_1.avi_1.jpg
0.0,0.0,0.0,0.0,0.0,LMNJJere_0.avi_0.jpg
0.0,0.0,0.0,0.0,0.0,LMNJJere_0.avi_1.jpg
0.0,0.0,0.0,0.0,0.0,lNAzMZFI_0.avi_0.jpg
0.0,0.0,0.0,0.0,0.0,lNAzMZFI_0.avi_1.jpg
0.0,0.0,0.0,0.0,0.0,lQ39ffan_0.avi_0.jpg
0.0,0.0,0.0,0.0,0.0,lQ39ffan_0.avi_1.jpg
0.0,0.0,0.0,0.0,0.0,LqW9A21g_0.avi_0.jpg
0.0,0.0,0.0,0.0,0.0,LqW9A21g_0.avi_1.jpg
0.0,0.0,0.0,0.0,0.0,lS7tAuv0_0.avi_0.jpg
0.0,0.0,0.0,0.0,0.0,lS7tAuv0_0.avi_1.jpg
0.0,0.0,0.0,0.0,0.0,LSJPhJTB_0.avi_0.jpg
0.0,0.0,0.0,0.0,0.0,LSJPhJTB_0.avi_1.jpg
0.0,0.0,0.0,0.0,0.0,Lui5zaon_0.avi_0.jpg
0.0,0.0,0.0,0.0,0.0,Lui5zaon_0.avi_1.jpg
0.0,0.0,0.0,0.0,0.0,lx4TN9dS_0.avi_0.jpg
0.0,0.0,0.0,0.0,0.0,lx4TN9dS_0.avi_1.jpg
0.0,0.0,0.0,0.0,0.0,m3PZvVSL_0.avi_0.jpg
0.0,0.0,0.0,0.0,0.0,m3PZvVSL_0.avi_1.jpg
0.0,0.0,0.0,0.0,0.0,M4syignQ_0.avi_0.jpg
0.0,0.0,0.0,0.0,0.0,M4syignQ_0.avi_1.jpg
0.0,0.0,0.0,0.0,0.0,MBxCX6pw_0.avi_0.jpg
0.0,0.0,0.0,0.0,0.0,MBxCX6pw_0.avi_1.jpg
0.0,0.0,0.0,0.0,0.0,McDxnU7x_0.avi_0.jpg
0.0,0.0,0.0,0.0,0.0,McDxnU7x_0.avi_1.jpg
0.0,0.0,0.0,0.0,0.0,mE9Cp4na_0.avi_0.jpg
0.0,0.0,0.0,0.0,0.0,mE9Cp4na_0.avi_1.jpg
0.0,0.0,0.0,0.0,0.0,MhiGg6f7_0.avi_0.jpg
0.0,0.0,0.0,0.0,0.0,MhiGg6f7_0.avi_1.jpg
0.0,0.0,0.0,0.0,0.0,MhVfgPWz_0.avi_0.jpg
0.0,0.0,0.0,0.0,0.0,MhVfgPWz_0.avi_1.jpg
0.0,0.0,0.0,0.0,0.0,mHY487R6_0.avi_0.jpg
0.0,0.0,0.0,0.0,0.0,mHY487R6_0.avi_1.jpg
0.0,0.0,0.0,0.0,0.0,MmUtpm6Z_0.avi_0.jpg
0.0,0.0,0.0,0.0,0.0,MmUtpm6Z_0.avi_1.jpg
0.0,0.0,0.0,0.0,0.0,MOST Shocking CCTV footage (_TwPzPRK7dc)_0.avi_0.jpg
0.0,0.0,0.0,0.0,0.0,MOST Shocking CCTV footage (_TwPzPRK7dc)_0.avi_1.jpg
0.0,0.0,0.0,0.0,0.0,MOST Shocking CCTV footage (_TwPzPRK7dc)_1.avi_0.jpg
0.0,0.0,0.0,0.0,0.0,MOST Shocking CCTV footage (_TwPzPRK7dc)_1.avi_1.jpg
0.0,0.0,0.0,0.0,0.0,mRqg-WXiR7Q_0.avi_0.jpg
0.0,0.0,0.0,0.0,0.0,mRqg-WXiR7Q_0.avi_1.jpg
0.0,0.0,0.0,0.0,0.0,muJDFQqbbmA_0.avi_0.jpg
0.0,0.0,0.0,0.0,0.0,muJDFQqbbmA_0.avi_1.jpg
0.0,0.0,0.0,0.0,0.0,muJDFQqbbmA_1.avi_0.jpg
0.0,0.0,0.0,0.0,0.0,muJDFQqbbmA_1.avi_1.jpg
0.0,0.0,0.0,0.0,0.0,mVAv7aB5_0.avi_0.jpg
0.0,0.0,0.0,0.0,0.0,mVAv7aB5_0.avi_1.jpg
0.0,0.0,0.0,0.0,0.0,mx0UXBFc_0.avi_0.jpg
0.0,0.0,0.0,0.0,0.0,mx0UXBFc_0.avi_1.jpg
0.0,0.0,0.0,0.0,0.0,mX4cQM1xMFc_0.avi_0.jpg
0.0,0.0,0.0,0.0,0.0,mX4cQM1xMFc_0.avi_1.jpg
0.0,0.0,0.0,0.0,0.0,MX77f2TD_0.avi_0.jpg
0.0,0.0,0.0,0.0,0.0,MX77f2TD_0.avi_1.jpg
0.0,0.0,0.0,0.0,0.0,N1Q9v-saJ_g_0.avi_0.jpg
0.0,0.0,0.0,0.0,0.0,N1Q9v-saJ_g_0.avi_1.jpg
0.0,0.0,0.0,0.0,0.0,ndNHBJbS_0.avi_0.jpg
0.0,0.0,0.0,0.0,0.0,ndNHBJbS_0.avi_1.jpg
0.0,0.0,0.0,0.0,0.0,NEUya2Rr_0.avi_0.jpg
0.0,0.0,0.0,0.0,0.0,NEUya2Rr_0.avi_1.jpg
0.0,0.0,0.0,0.0,0.0,niXRLeON_0.avi_0.jpg
0.0,0.0,0.0,0.0,0.0,niXRLeON_0.avi_1.jpg
0.0,0.0,0.0,0.0,0.0,nj9Rc3lY_0.avi_0.jpg
0.0,0.0,0.0,0.0,0.0,nj9Rc3lY_0.avi_1.jpg
0.0,0.0,0.0,0.0,0.0,NmNKzttk_0.avi_0.jpg
0.0,0.0,0.0,0.0,0.0,NmNKzttk_0.avi_1.jpg
0.0,0.0,0.0,0.0,0.0,NPeKBgURcxI_0.avi_0.jpg
0.0,0.0,0.0,0.0,0.0,NPeKBgURcxI_0.avi_1.jpg
0.0,0.0,0.0,0.0,0.0,NPeKBgURcxI_1.avi_0.jpg
0.0,0.0,0.0,0.0,0.0,NPeKBgURcxI_1.avi_1.jpg
0.0,0.0,0.0,0.0,0.0,NPeKBgURcxI_2.avi_0.jpg
0.0,0.0,0.0,0.0,0.0,NPeKBgURcxI_2.avi_1.jpg
0.0,0.0,0.0,0.0,0.0,NSdXEN1l_0.avi_0.jpg
0.0,0.0,0.0,0.0,0.0,NSdXEN1l_0.avi_1.jpg
0.0,0.0,0.0,0.0,0.0,NvYo6CS_i_A_0.avi_0.jpg
0.0,0.0,0.0,0.0,0.0,NvYo6CS_i_A_0.avi_1.jpg
0.0,0.0,0.0,0.0,0.0,NvYo6CS_i_A_1.avi_0.jpg
0.0,0.0,0.0,0.0,0.0,NvYo6CS_i_A_1.avi_1.jpg
0.0,0.0,0.0,0.0,0.0,NxtwlqSnLbY_0.avi_0.jpg
0.0,0.0,0.0,0.0,0.0,NxtwlqSnLbY_0.avi_1.jpg
0.0,0.0,0.0,0.0,0.0,NxtwlqSnLbY_1.avi_0.jpg
0.0,0.0,0.0,0.0,0.0,NxtwlqSnLbY_1.avi_1.jpg
0.0,0.0,0.0,0.0,0.0,o8sEvktx_0.avi_0.jpg
0.0,0.0,0.0,0.0,0.0,o8sEvktx_0.avi_1.jpg
0.0,0.0,0.0,0.0,0.0,oAeudqZD_0.avi_0.jpg
0.0,0.0,0.0,0.0,0.0,oAeudqZD_0.avi_1.jpg
0.0,0.0,0.0,0.0,0.0,OAFsSiyX_0.avi_0.jpg
0.0,0.0,0.0,0.0,0.0,OAFsSiyX_0.avi_1.jpg
0.0,0.0,0.0,0.0,0.0,OAfV0xPIhZw_0.avi_0.jpg
0.0,0.0,0.0,0.0,0.0,OAfV0xPIhZw_0.avi_1.jpg
0.0,0.0,0.0,0.0,0.0,OAfV0xPIhZw_1.avi_0.jpg
0.0,0.0,0.0,0.0,0.0,OAfV0xPIhZw_1.avi_1.jpg
0.0,0.0,0.0,0.0,0.0,OakN3f1N_0.avi_0.jpg
0.0,0.0,0.0,0.0,0.0,OakN3f1N_0.avi_1.jpg
0.0,0.0,0.0,0.0,0.0,oByKgGBL_0.avi_0.jpg
0.0,0.0,0.0,0.0,0.0,oByKgGBL_0.avi_1.jpg
0.0,0.0,0.0,0.0,0.0,OCseFRss_0.avi_0.jpg
0.0,0.0,0.0,0.0,0.0,OCseFRss_0.avi_1.jpg
0.0,0.0,0.0,0.0,0.0,oDGm-DOOyI4_0.avi_0.jpg
0.0,0.0,0.0,0.0,0.0,oDGm-DOOyI4_0.avi_1.jpg
0.0,0.0,0.0,0.0,0.0,oDGm-DOOyI4_1.avi_0.jpg
0.0,0.0,0.0,0.0,0.0,oDGm-DOOyI4_1.avi_1.jpg
0.0,0.0,0.0,0.0,0.0,oDGm-DOOyI4_2.avi_0.jpg
0.0,0.0,0.0,0.0,0.0,oDGm-DOOyI4_2.avi_1.jpg
0.0,0.0,0.0,0.0,0.0,oDWNiATJ_0.avi_0.jpg
0.0,0.0,0.0,0.0,0.0,oDWNiATJ_0.avi_1.jpg
0.0,0.0,0.0,0.0,0.0,OdxnpEnn_0.avi_0.jpg
0.0,0.0,0.0,0.0,0.0,OdxnpEnn_0.avi_1.jpg
0.0,0.0,0.0,0.0,0.0,OFwYyouR_0.avi_0.jpg
0.0,0.0,0.0,0.0,0.0,OFwYyouR_0.avi_1.jpg
0.0,0.0,0.0,0.0,0.0,oG3Qxvq0_0.avi_0.jpg
0.0,0.0,0.0,0.0,0.0,oG3Qxvq0_0.avi_1.jpg
0.0,0.0,0.0,0.0,0.0,oIEZ45OCmAw_0.avi_0.jpg
0.0,0.0,0.0,0.0,0.0,oIEZ45OCmAw_0.avi_1.jpg
0.0,0.0,0.0,0.0,0.0,okA8k7rF_0.avi_0.jpg
0.0,0.0,0.0,0.0,0.0,okA8k7rF_0.avi_1.jpg
0.0,0.0,0.0,0.0,0.0,oLs9ckoV_0.avi_0.jpg
0.0,0.0,0.0,0.0,0.0,oLs9ckoV_0.avi_1.jpg
0.0,0.0,0.0,0.0,0.0,oMZpqizQ_0.avi_0.jpg
0.0,0.0,0.0,0.0,0.0,oMZpqizQ_0.avi_1.jpg
0.0,0.0,0.0,0.0,0.0,on2HIPgB_0.avi_0.jpg
0.0,0.0,0.0,0.0,0.0,on2HIPgB_0.avi_1.jpg
0.0,0.0,0.0,0.0,0.0,OTVE3eLAuUM_0.avi_0.jpg
0.0,0.0,0.0,0.0,0.0,OTVE3eLAuUM_0.avi_1.jpg
0.0,0.0,0.0,0.0,0.0,OTVE3eLAuUM_1.avi_0.jpg
0.0,0.0,0.0,0.0,0.0,OTVE3eLAuUM_1.avi_1.jpg
0.0,0.0,0.0,0.0,0.0,OTVE3eLAuUM_2.avi_0.jpg
0.0,0.0,0.0,0.0,0.0,OTVE3eLAuUM_2.avi_1.jpg
0.0,0.0,0.0,0.0,0.0,OU7AM5fv_0.avi_0.jpg
0.0,0.0,0.0,0.0,0.0,OU7AM5fv_0.avi_1.jpg
0.0,0.0,0.0,0.0,0.0,oUqxGhTe_0.avi_0.jpg
0.0,0.0,0.0,0.0,0.0,oUqxGhTe_0.avi_1.jpg
0.0,0.0,0.0,0.0,0.0,oVMhWJIpHnc_0.avi_0.jpg
0.0,0.0,0.0,0.0,0.0,oVMhWJIpHnc_0.avi_1.jpg
0.0,0.0,0.0,0.0,0.0,oVMhWJIpHnc_1.avi_0.jpg
0.0,0.0,0.0,0.0,0.0,oVMhWJIpHnc_1.avi_1.jpg
0.0,0.0,0.0,0.0,0.0,oVMhWJIpHnc_2.avi_0.jpg
0.0,0.0,0.0,0.0,0.0,oVMhWJIpHnc_2.avi_1.jpg
0.0,0.0,0.0,0.0,0.0,oW8ySS0rN4Y_0.avi_0.jpg
0.0,0.0,0.0,0.0,0.0,oW8ySS0rN4Y_0.avi_1.jpg
0.0,0.0,0.0,0.0,0.0,oYFVr2kK_0.avi_0.jpg
0.0,0.0,0.0,0.0,0.0,oYFVr2kK_0.avi_1.jpg
0.0,0.0,0.0,0.0,0.0,OznqyUJq_0.avi_0.jpg
0.0,0.0,0.0,0.0,0.0,OznqyUJq_0.avi_1.jpg
0.0,0.0,0.0,0.0,0.0,p19HiyCX7EQ_0.avi_0.jpg
0.0,0.0,0.0,0.0,0.0,p19HiyCX7EQ_0.avi_1.jpg
0.0,0.0,0.0,0.0,0.0,p9d6QmKh_0.avi_0.jpg
0.0,0.0,0.0,0.0,0.0,p9d6QmKh_0.avi_1.jpg
0.0,0.0,0.0,0.0,0.0,Pe1uIhp4dAQ_0.avi_0.jpg
0.0,0.0,0.0,0.0,0.0,Pe1uIhp4dAQ_0.avi_1.jpg
0.0,0.0,0.0,0.0,0.0,PFw7SeFOD04_0.avi_0.jpg
0.0,0.0,0.0,0.0,0.0,PFw7SeFOD04_0.avi_1.jpg
0.0,0.0,0.0,0.0,0.0,PFw7SeFOD04_1.avi_0.jpg
0.0,0.0,0.0,0.0,0.0,PFw7SeFOD04_1.avi_1.jpg
0.0,0.0,0.0,0.0,0.0,pHiqIppg_0.avi_0.jpg
0.0,0.0,0.0,0.0,0.0,pHiqIppg_0.avi_1.jpg
0.0,0.0,0.0,0.0,0.0,pinuwjwm_0.avi_0.jpg
0.0,0.0,0.0,0.0,0.0,pinuwjwm_0.avi_1.jpg
0.0,0.0,0.0,0.0,0.0,PJDdPv2b9-s_0.avi_0.jpg
0.0,0.0,0.0,0.0,0.0,PJDdPv2b9-s_0.avi_1.jpg
0.0,0.0,0.0,0.0,0.0,PJDdPv2b9-s_1.avi_0.jpg
0.0,0.0,0.0,0.0,0.0,PJDdPv2b9-s_1.avi_1.jpg
0.0,0.0,0.0,0.0,0.0,pKOUG5AqLpY_0.avi_0.jpg
0.0,0.0,0.0,0.0,0.0,pKOUG5AqLpY_0.avi_1.jpg
0.0,0.0,0.0,0.0,0.0,pLb6Zimq_0.avi_0.jpg
0.0,0.0,0.0,0.0,0.0,pLb6Zimq_0.avi_1.jpg
0.0,0.0,0.0,0.0,0.0,PNoO9WGJ_0.avi_0.jpg
0.0,0.0,0.0,0.0,0.0,PNoO9WGJ_0.avi_1.jpg
0.0,0.0,0.0,0.0,0.0,PqB7UvdW_0.avi_0.jpg
0.0,0.0,0.0,0.0,0.0,PqB7UvdW_0.avi_1.jpg
0.0,0.0,0.0,0.0,0.0,pr8yRPMO_0.avi_0.jpg
0.0,0.0,0.0,0.0,0.0,pr8yRPMO_0.avi_1.jpg
0.0,0.0,0.0,0.0,0.0,PTy2vx8Ejas_0.avi_0.jpg
0.0,0.0,0.0,0.0,0.0,PTy2vx8Ejas_0.avi_1.jpg
0.0,0.0,0.0,0.0,0.0,pU9BTy7h_0.avi_0.jpg
0.0,0.0,0.0,0.0,0.0,pU9BTy7h_0.avi_1.jpg
0.0,0.0,0.0,0.0,0.0,q2yEYFD5_0.avi_0.jpg
0.0,0.0,0.0,0.0,0.0,q2yEYFD5_0.avi_1.jpg
0.0,0.0,0.0,0.0,0.0,q78eIX56_0.avi_0.jpg
0.0,0.0,0.0,0.0,0.0,q78eIX56_0.avi_1.jpg
0.0,0.0,0.0,0.0,0.0,Q876qiBJYfA_1.avi_0.jpg
0.0,0.0,0.0,0.0,0.0,Q876qiBJYfA_1.avi_1.jpg
0.0,0.0,0.0,0.0,0.0,Q876qiBJYfA_2.avi_0.jpg
0.0,0.0,0.0,0.0,0.0,Q876qiBJYfA_2.avi_1.jpg
0.0,0.0,0.0,0.0,0.0,QCgEbCBH_0.avi_0.jpg
0.0,0.0,0.0,0.0,0.0,QCgEbCBH_0.avi_1.jpg
0.0,0.0,0.0,0.0,0.0,qEeRHumV_0.avi_0.jpg
0.0,0.0,0.0,0.0,0.0,qEeRHumV_0.avi_1.jpg
0.0,0.0,0.0,0.0,0.0,qIRZ4SMf_0.avi_0.jpg
0.0,0.0,0.0,0.0,0.0,qIRZ4SMf_0.avi_1.jpg
0.0,0.0,0.0,0.0,0.0,qmvilMkD57M_0.avi_0.jpg
0.0,0.0,0.0,0.0,0.0,qmvilMkD57M_0.avi_1.jpg
0.0,0.0,0.0,0.0,0.0,qnpure5G_0.avi_0.jpg
0.0,0.0,0.0,0.0,0.0,qnpure5G_0.avi_1.jpg
0.0,0.0,0.0,0.0,0.0,Qqfn1urQ_0.avi_0.jpg
0.0,0.0,0.0,0.0,0.0,Qqfn1urQ_0.avi_1.jpg
0.0,0.0,0.0,0.0,0.0,qrBAhb8K_0.avi_0.jpg
0.0,0.0,0.0,0.0,0.0,qrBAhb8K_0.avi_1.jpg
0.0,0.0,0.0,0.0,0.0,qrWTk-2a13o_0.avi_0.jpg
0.0,0.0,0.0,0.0,0.0,qrWTk-2a13o_0.avi_1.jpg
0.0,0.0,0.0,0.0,0.0,qrWTk-2a13o_1.avi_0.jpg
0.0,0.0,0.0,0.0,0.0,qrWTk-2a13o_1.avi_1.jpg
0.0,0.0,0.0,0.0,0.0,qrWTk-2a13o_2.avi_0.jpg
0.0,0.0,0.0,0.0,0.0,qrWTk-2a13o_2.avi_1.jpg
0.0,0.0,0.0,0.0,0.0,QzNWGaQi_0.avi_0.jpg
0.0,0.0,0.0,0.0,0.0,QzNWGaQi_0.avi_1.jpg
0.0,0.0,0.0,0.0,0.0,R1A_AxUKosk_0.avi_0.jpg
0.0,0.0,0.0,0.0,0.0,R1A_AxUKosk_0.avi_1.jpg
0.0,0.0,0.0,0.0,0.0,R1A_AxUKosk_1.avi_0.jpg
0.0,0.0,0.0,0.0,0.0,R1A_AxUKosk_1.avi_1.jpg
0.0,0.0,0.0,0.0,0.0,R2x2rOWh_0.avi_0.jpg
0.0,0.0,0.0,0.0,0.0,R2x2rOWh_0.avi_1.jpg
0.0,0.0,0.0,0.0,0.0,r8PX3ZJ1_II_0.avi_0.jpg
0.0,0.0,0.0,0.0,0.0,r8PX3ZJ1_II_0.avi_1.jpg
0.0,0.0,0.0,0.0,0.0,rbByyS4o_0.avi_0.jpg
0.0,0.0,0.0,0.0,0.0,rbByyS4o_0.avi_1.jpg
0.0,0.0,0.0,0.0,0.0,RbpXgk5M1S0_0.avi_0.jpg
0.0,0.0,0.0,0.0,0.0,RbpXgk5M1S0_0.avi_1.jpg
0.0,0.0,0.0,0.0,0.0,RbpXgk5M1S0_1.avi_0.jpg
0.0,0.0,0.0,0.0,0.0,RbpXgk5M1S0_1.avi_1.jpg
0.0,0.0,0.0,0.0,0.0,RbpXgk5M1S0_2.avi_0.jpg
0.0,0.0,0.0,0.0,0.0,RbpXgk5M1S0_2.avi_1.jpg
0.0,0.0,0.0,0.0,0.0,RFAA8QO7_0.avi_0.jpg
0.0,0.0,0.0,0.0,0.0,RFAA8QO7_0.avi_1.jpg
0.0,0.0,0.0,0.0,0.0,RfFGwwhG_0.avi_0.jpg
0.0,0.0,0.0,0.0,0.0,RfFGwwhG_0.avi_1.jpg
0.0,0.0,0.0,0.0,0.0,RfqBhe5z_0.avi_0.jpg
0.0,0.0,0.0,0.0,0.0,RfqBhe5z_0.avi_1.jpg
0.0,0.0,0.0,0.0,0.0,RFUr2krY_0.avi_0.jpg
0.0,0.0,0.0,0.0,0.0,RFUr2krY_0.avi_1.jpg
0.0,0.0,0.0,0.0,0.0,RGIpCpdlzI8_0.avi_0.jpg
0.0,0.0,0.0,0.0,0.0,RGIpCpdlzI8_0.avi_1.jpg
0.0,0.0,0.0,0.0,0.0,RGIpCpdlzI8_1.avi_0.jpg
0.0,0.0,0.0,0.0,0.0,RGIpCpdlzI8_1.avi_1.jpg
0.0,0.0,0.0,0.0,0.0,Ri_poPbOu-k_1.avi_0.jpg
0.0,0.0,0.0,0.0,0.0,Ri_poPbOu-k_1.avi_1.jpg
0.0,0.0,0.0,0.0,0.0,Ri_poPbOu-k_2.avi_0.jpg
0.0,0.0,0.0,0.0,0.0,Ri_poPbOu-k_2.avi_1.jpg
0.0,0.0,0.0,0.0,0.0,rjHXmq47_0.avi_0.jpg
0.0,0.0,0.0,0.0,0.0,rjHXmq47_0.avi_1.jpg
0.0,0.0,0.0,0.0,0.0,RNOSWjgC_0.avi_0.jpg
0.0,0.0,0.0,0.0,0.0,RNOSWjgC_0.avi_1.jpg
0.0,0.0,0.0,0.0,0.0,rp9hJAQE_0.avi_0.jpg
0.0,0.0,0.0,0.0,0.0,rp9hJAQE_0.avi_1.jpg
0.0,0.0,0.0,0.0,0.0,RPESrVE2_0.avi_0.jpg
0.0,0.0,0.0,0.0,0.0,RPESrVE2_0.avi_1.jpg
0.0,0.0,0.0,0.0,0.0,RQbYptdw_0.avi_0.jpg
0.0,0.0,0.0,0.0,0.0,RQbYptdw_0.avi_1.jpg
0.0,0.0,0.0,0.0,0.0,RR23nrP0_0.avi_0.jpg
0.0,0.0,0.0,0.0,0.0,RR23nrP0_0.avi_1.jpg
0.0,0.0,0.0,0.0,0.0,rRbZUKgk_0.avi_0.jpg
0.0,0.0,0.0,0.0,0.0,rRbZUKgk_0.avi_1.jpg
0.0,0.0,0.0,0.0,0.0,rSGIFH7n_0.avi_0.jpg
0.0,0.0,0.0,0.0,0.0,rSGIFH7n_0.avi_1.jpg
0.0,0.0,0.0,0.0,0.0,rSumd9HEmrA_0.avi_0.jpg
0.0,0.0,0.0,0.0,0.0,rSumd9HEmrA_0.avi_1.jpg
0.0,0.0,0.0,0.0,0.0,RUwo8c4s_0.avi_0.jpg
0.0,0.0,0.0,0.0,0.0,RUwo8c4s_0.avi_1.jpg
0.0,0.0,0.0,0.0,0.0,RVV3lolZ_0.avi_0.jpg
0.0,0.0,0.0,0.0,0.0,RVV3lolZ_0.avi_1.jpg
0.0,0.0,0.0,0.0,0.0,s-jW4cyavW0_0.avi_0.jpg
0.0,0.0,0.0,0.0,0.0,s-jW4cyavW0_0.avi_1.jpg
0.0,0.0,0.0,0.0,0.0,s-jW4cyavW0_1.avi_0.jpg
0.0,0.0,0.0,0.0,0.0,s-jW4cyavW0_1.avi_1.jpg
0.0,0.0,0.0,0.0,0.0,s2S2nIWk_0.avi_0.jpg
0.0,0.0,0.0,0.0,0.0,s2S2nIWk_0.avi_1.jpg
0.0,0.0,0.0,0.0,0.0,S5dmvVF4_0.avi_0.jpg
0.0,0.0,0.0,0.0,0.0,S5dmvVF4_0.avi_1.jpg
0.0,0.0,0.0,0.0,0.0,s83GiLts_0.avi_0.jpg
0.0,0.0,0.0,0.0,0.0,s83GiLts_0.avi_1.jpg
0.0,0.0,0.0,0.0,0.0,SaIUKN4N_0.avi_0.jpg
0.0,0.0,0.0,0.0,0.0,SaIUKN4N_0.avi_1.jpg
0.0,0.0,0.0,0.0,0.0,SCnBiAteLVI_0.avi_0.jpg
0.0,0.0,0.0,0.0,0.0,SCnBiAteLVI_0.avi_1.jpg
0.0,0.0,0.0,0.0,0.0,SCnBiAteLVI_2.avi_0.jpg
0.0,0.0,0.0,0.0,0.0,SCnBiAteLVI_2.avi_1.jpg
0.0,0.0,0.0,0.0,0.0,sHa6YZW9_0.avi_0.jpg
0.0,0.0,0.0,0.0,0.0,sHa6YZW9_0.avi_1.jpg
0.0,0.0,0.0,0.0,0.0,sIbVwIO0_0.avi_0.jpg
0.0,0.0,0.0,0.0,0.0,sIbVwIO0_0.avi_1.jpg
0.0,0.0,0.0,0.0,0.0,SJ9WphBI_0.avi_0.jpg
0.0,0.0,0.0,0.0,0.0,SJ9WphBI_0.avi_1.jpg
0.0,0.0,0.0,0.0,0.0,skycjZcE_0.avi_0.jpg
0.0,0.0,0.0,0.0,0.0,skycjZcE_0.avi_1.jpg
0.0,0.0,0.0,0.0,0.0,sLOqgf6N_0.avi_0.jpg
0.0,0.0,0.0,0.0,0.0,sLOqgf6N_0.avi_1.jpg
0.0,0.0,0.0,0.0,0.0,snhUvpXC_0.avi_0.jpg
0.0,0.0,0.0,0.0,0.0,snhUvpXC_0.avi_1.jpg
0.0,0.0,0.0,0.0,0.0,sq03O3JL_0.avi_0.jpg
0.0,0.0,0.0,0.0,0.0,sq03O3JL_0.avi_1.jpg
0.0,0.0,0.0,0.0,0.0,Suv_mMs8J9g_0.avi_0.jpg
0.0,0.0,0.0,0.0,0.0,Suv_mMs8J9g_0.avi_1.jpg
0.0,0.0,0.0,0.0,0.0,Swr7caI0_0.avi_0.jpg
0.0,0.0,0.0,0.0,0.0,Swr7caI0_0.avi_1.jpg
0.0,0.0,0.0,0.0,0.0,sYGIUeBX_0.avi_0.jpg
0.0,0.0,0.0,0.0,0.0,sYGIUeBX_0.avi_1.jpg
0.0,0.0,0.0,0.0,0.0,TfDHgxDm_0.avi_0.jpg
0.0,0.0,0.0,0.0,0.0,TfDHgxDm_0.avi_1.jpg
0.0,0.0,0.0,0.0,0.0,tgkbh2d9_0.avi_0.jpg
0.0,0.0,0.0,0.0,0.0,tgkbh2d9_0.avi_1.jpg
0.0,0.0,0.0,0.0,0.0,THqDidIr4Xs_0.avi_0.jpg
0.0,0.0,0.0,0.0,0.0,THqDidIr4Xs_0.avi_1.jpg
0.0,0.0,0.0,0.0,0.0,THqDidIr4Xs_1.avi_0.jpg
0.0,0.0,0.0,0.0,0.0,THqDidIr4Xs_1.avi_1.jpg
0.0,0.0,0.0,0.0,0.0,tIHY2ZFQ_0.avi_0.jpg
0.0,0.0,0.0,0.0,0.0,tIHY2ZFQ_0.avi_1.jpg
0.0,0.0,0.0,0.0,0.0,tILABXoHE7s_0.avi_0.jpg
0.0,0.0,0.0,0.0,0.0,tILABXoHE7s_0.avi_1.jpg
0.0,0.0,0.0,0.0,0.0,tILABXoHE7s_1.avi_0.jpg
0.0,0.0,0.0,0.0,0.0,tILABXoHE7s_1.avi_1.jpg
0.0,0.0,0.0,0.0,0.0,tILABXoHE7s_2.avi_0.jpg
0.0,0.0,0.0,0.0,0.0,tILABXoHE7s_2.avi_1.jpg
0.0,0.0,0.0,0.0,0.0,TJfoIe801t8_0.avi_0.jpg
0.0,0.0,0.0,0.0,0.0,TJfoIe801t8_0.avi_1.jpg
0.0,0.0,0.0,0.0,0.0,tmm7AxKl_0.avi_0.jpg
0.0,0.0,0.0,0.0,0.0,tmm7AxKl_0.avi_1.jpg
0.0,0.0,0.0,0.0,0.0,tPpXT9VI_0.avi_0.jpg
0.0,0.0,0.0,0.0,0.0,tPpXT9VI_0.avi_1.jpg
0.0,0.0,0.0,0.0,0.0,TSHiCcMS_0.avi_0.jpg
0.0,0.0,0.0,0.0,0.0,TSHiCcMS_0.avi_1.jpg
0.0,0.0,0.0,0.0,0.0,TuWan04E3gQ_0.avi_0.jpg
0.0,0.0,0.0,0.0,0.0,TuWan04E3gQ_0.avi_1.jpg
0.0,0.0,0.0,0.0,0.0,TuWan04E3gQ_1.avi_0.jpg
0.0,0.0,0.0,0.0,0.0,TuWan04E3gQ_1.avi_1.jpg
0.0,0.0,0.0,0.0,0.0,TX2ePcRo_0.avi_0.jpg
0.0,0.0,0.0,0.0,0.0,TX2ePcRo_0.avi_1.jpg
0.0,0.0,0.0,0.0,0.0,tXk2yvmq_0.avi_0.jpg
0.0,0.0,0.0,0.0,0.0,tXk2yvmq_0.avi_1.jpg
0.0,0.0,0.0,0.0,0.0,TYsebroPeGY_0.avi_0.jpg
0.0,0.0,0.0,0.0,0.0,TYsebroPeGY_0.avi_1.jpg
0.0,0.0,0.0,0.0,0.0,TYsebroPeGY_1.avi_0.jpg
0.0,0.0,0.0,0.0,0.0,TYsebroPeGY_1.avi_1.jpg
0.0,0.0,0.0,0.0,0.0,TYX5vuHO_0.avi_0.jpg
0.0,0.0,0.0,0.0,0.0,TYX5vuHO_0.avi_1.jpg
0.0,0.0,0.0,0.0,0.0,U1Z1bVRt_0.avi_0.jpg
0.0,0.0,0.0,0.0,0.0,U1Z1bVRt_0.avi_1.jpg
0.0,0.0,0.0,0.0,0.0,uAKRFGFR_0.avi_0.jpg
0.0,0.0,0.0,0.0,0.0,uAKRFGFR_0.avi_1.jpg
0.0,0.0,0.0,0.0,0.0,UArjSm2Y_0.avi_0.jpg
0.0,0.0,0.0,0.0,0.0,UArjSm2Y_0.avi_1.jpg
0.0,0.0,0.0,0.0,0.0,uEzFjs3X_0.avi_0.jpg
0.0,0.0,0.0,0.0,0.0,uEzFjs3X_0.avi_1.jpg
0.0,0.0,0.0,0.0,0.0,UFA7LVk0_0.avi_0.jpg
0.0,0.0,0.0,0.0,0.0,UFA7LVk0_0.avi_1.jpg
0.0,0.0,0.0,0.0,0.0,ug2tQMG8DC0_0.avi_0.jpg
0.0,0.0,0.0,0.0,0.0,ug2tQMG8DC0_0.avi_1.jpg
0.0,0.0,0.0,0.0,0.0,UIAGmwT1_0.avi_0.jpg
0.0,0.0,0.0,0.0,0.0,UIAGmwT1_0.avi_1.jpg
0.0,0.0,0.0,0.0,0.0,UIsigi4O-sI_0.avi_0.jpg
0.0,0.0,0.0,0.0,0.0,UIsigi4O-sI_0.avi_1.jpg
0.0,0.0,0.0,0.0,0.0,UIsigi4O-sI_1.avi_0.jpg
0.0,0.0,0.0,0.0,0.0,UIsigi4O-sI_1.avi_1.jpg
0.0,0.0,0.0,0.0,0.0,uLGOlxvv_0.avi_0.jpg
0.0,0.0,0.0,0.0,0.0,uLGOlxvv_0.avi_1.jpg
0.0,0.0,0.0,0.0,0.0,ULiIpQ6s_0.avi_0.jpg
0.0,0.0,0.0,0.0,0.0,ULiIpQ6s_0.avi_1.jpg
0.0,0.0,0.0,0.0,0.0,umOs1WLBkuo_0.avi_0.jpg
0.0,0.0,0.0,0.0,0.0,umOs1WLBkuo_0.avi_1.jpg
0.0,0.0,0.0,0.0,0.0,umOs1WLBkuo_1.avi_0.jpg
0.0,0.0,0.0,0.0,0.0,umOs1WLBkuo_1.avi_1.jpg
0.0,0.0,0.0,0.0,0.0,uNtsEcFR_0.avi_0.jpg
0.0,0.0,0.0,0.0,0.0,uNtsEcFR_0.avi_1.jpg
0.0,0.0,0.0,0.0,0.0,UQ42UqFJ_0.avi_0.jpg
0.0,0.0,0.0,0.0,0.0,UQ42UqFJ_0.avi_1.jpg
0.0,0.0,0.0,0.0,0.0,UuMYxOYm_0.avi_0.jpg
0.0,0.0,0.0,0.0,0.0,UuMYxOYm_0.avi_1.jpg
0.0,0.0,0.0,0.0,0.0,UvLAudRA91Y_1.avi_0.jpg
0.0,0.0,0.0,0.0,0.0,UvLAudRA91Y_1.avi_1.jpg
0.0,0.0,0.0,0.0,0.0,UvLAudRA91Y_2.avi_0.jpg
0.0,0.0,0.0,0.0,0.0,UvLAudRA91Y_2.avi_1.jpg
0.0,0.0,0.0,0.0,0.0,uWH7kvNG_0.avi_0.jpg
0.0,0.0,0.0,0.0,0.0,uWH7kvNG_0.avi_1.jpg
0.0,0.0,0.0,0.0,0.0,UWmcbEyn_0.avi_0.jpg
0.0,0.0,0.0,0.0,0.0,UWmcbEyn_0.avi_1.jpg
0.0,0.0,0.0,0.0,0.0,uWQG2hQT_0.avi_0.jpg
0.0,0.0,0.0,0.0,0.0,uWQG2hQT_0.avi_1.jpg
0.0,0.0,0.0,0.0,0.0,uXf4C-YwbtM_0.avi_0.jpg
0.0,0.0,0.0,0.0,0.0,uXf4C-YwbtM_0.avi_1.jpg
0.0,0.0,0.0,0.0,0.0,uXf4C-YwbtM_1.avi_0.jpg
0.0,0.0,0.0,0.0,0.0,uXf4C-YwbtM_1.avi_1.jpg
0.0,0.0,0.0,0.0,0.0,uyeWsodv_0.avi_0.jpg
0.0,0.0,0.0,0.0,0.0,uyeWsodv_0.avi_1.jpg
0.0,0.0,0.0,0.0,0.0,uz4dXoN5_0.avi_0.jpg
0.0,0.0,0.0,0.0,0.0,uz4dXoN5_0.avi_1.jpg
0.0,0.0,0.0,0.0,0.0,v0wUQPs4_0.avi_0.jpg
0.0,0.0,0.0,0.0,0.0,v0wUQPs4_0.avi_1.jpg
0.0,0.0,0.0,0.0,0.0,V3EI1n_7JwU_0.avi_0.jpg
0.0,0.0,0.0,0.0,0.0,V3EI1n_7JwU_0.avi_1.jpg
0.0,0.0,0.0,0.0,0.0,V726w0IKCp4_0.avi_0.jpg
0.0,0.0,0.0,0.0,0.0,V726w0IKCp4_0.avi_1.jpg
0.0,0.0,0.0,0.0,0.0,V89iCOJ1_0.avi_0.jpg
0.0,0.0,0.0,0.0,0.0,V89iCOJ1_0.avi_1.jpg
0.0,0.0,0.0,0.0,0.0,v8cACThQ_0.avi_0.jpg
0.0,0.0,0.0,0.0,0.0,v8cACThQ_0.avi_1.jpg
0.0,0.0,0.0,0.0,0.0,vBwKQfJYG1Q_0.avi_0.jpg
0.0,0.0,0.0,0.0,0.0,vBwKQfJYG1Q_0.avi_1.jpg
0.0,0.0,0.0,0.0,0.0,vBwKQfJYG1Q_1.avi_0.jpg
0.0,0.0,0.0,0.0,0.0,vBwKQfJYG1Q_1.avi_1.jpg
0.0,0.0,0.0,0.0,0.0,VbwTMJroTbI_0.avi_0.jpg
0.0,0.0,0.0,0.0,0.0,VbwTMJroTbI_0.avi_1.jpg
0.0,0.0,0.0,0.0,0.0,VbwTMJroTbI_1.avi_0.jpg
0.0,0.0,0.0,0.0,0.0,VbwTMJroTbI_1.avi_1.jpg
0.0,0.0,0.0,0.0,0.0,vCO6CZNt_0.avi_0.jpg
0.0,0.0,0.0,0.0,0.0,vCO6CZNt_0.avi_1.jpg
0.0,0.0,0.0,0.0,0.0,Vd27cYFthms_0.avi_0.jpg
0.0,0.0,0.0,0.0,0.0,Vd27cYFthms_0.avi_1.jpg
0.0,0.0,0.0,0.0,0.0,vGCZpdPR_0.avi_0.jpg
0.0,0.0,0.0,0.0,0.0,vGCZpdPR_0.avi_1.jpg
0.0,0.0,0.0,0.0,0.0,vJDAaUzYOi8_0.avi_0.jpg
0.0,0.0,0.0,0.0,0.0,vJDAaUzYOi8_0.avi_1.jpg
0.0,0.0,0.0,0.0,0.0,vJDAaUzYOi8_1.avi_0.jpg
0.0,0.0,0.0,0.0,0.0,vJDAaUzYOi8_1.avi_1.jpg
0.0,0.0,0.0,0.0,0.0,VjDGXzWt_0.avi_0.jpg
0.0,0.0,0.0,0.0,0.0,VjDGXzWt_0.avi_1.jpg
0.0,0.0,0.0,0.0,0.0,vnUS5WN7_0.avi_0.jpg
0.0,0.0,0.0,0.0,0.0,vnUS5WN7_0.avi_1.jpg
0.0,0.0,0.0,0.0,0.0,VpnCjE1l_0.avi_0.jpg
0.0,0.0,0.0,0.0,0.0,VpnCjE1l_0.avi_1.jpg
0.0,0.0,0.0,0.0,0.0,vQKHxtrdEHM_0.avi_0.jpg
0.0,0.0,0.0,0.0,0.0,vQKHxtrdEHM_0.avi_1.jpg
0.0,0.0,0.0,0.0,0.0,vQKHxtrdEHM_1.avi_0.jpg
0.0,0.0,0.0,0.0,0.0,vQKHxtrdEHM_1.avi_1.jpg
0.0,0.0,0.0,0.0,0.0,vu6lIsQm_0.avi_0.jpg
0.0,0.0,0.0,0.0,0.0,vu6lIsQm_0.avi_1.jpg
0.0,0.0,0.0,0.0,0.0,vwQvNOlX_0.avi_0.jpg
0.0,0.0,0.0,0.0,0.0,vwQvNOlX_0.avi_1.jpg
0.0,0.0,0.0,0.0,0.0,VXLdrn0b_0.avi_0.jpg
0.0,0.0,0.0,0.0,0.0,VXLdrn0b_0.avi_1.jpg
0.0,0.0,0.0,0.0,0.0,vXvv1gqd_0.avi_0.jpg
0.0,0.0,0.0,0.0,0.0,vXvv1gqd_0.avi_1.jpg
0.0,0.0,0.0,0.0,0.0,VYWWsld6ibI_0.avi_0.jpg
0.0,0.0,0.0,0.0,0.0,VYWWsld6ibI_0.avi_1.jpg
0.0,0.0,0.0,0.0,0.0,Wby1vUy8aYI_0.avi_0.jpg
0.0,0.0,0.0,0.0,0.0,Wby1vUy8aYI_0.avi_1.jpg
0.0,0.0,0.0,0.0,0.0,WCbsjDUV_0.avi_0.jpg
0.0,0.0,0.0,0.0,0.0,WCbsjDUV_0.avi_1.jpg
0.0,0.0,0.0,0.0,0.0,WCHYnPMG_0.avi_0.jpg
0.0,0.0,0.0,0.0,0.0,WCHYnPMG_0.avi_1.jpg
0.0,0.0,0.0,0.0,0.0,WfjOB1Vq_0.avi_0.jpg
0.0,0.0,0.0,0.0,0.0,WfjOB1Vq_0.avi_1.jpg
0.0,0.0,0.0,0.0,0.0,wgdTpJTo_0.avi_0.jpg
0.0,0.0,0.0,0.0,0.0,wgdTpJTo_0.avi_1.jpg
0.0,0.0,0.0,0.0,0.0,WHNtrI7MEUg_1.avi_0.jpg
0.0,0.0,0.0,0.0,0.0,WHNtrI7MEUg_1.avi_1.jpg
0.0,0.0,0.0,0.0,0.0,wk5WCCti_0.avi_0.jpg
0.0,0.0,0.0,0.0,0.0,wk5WCCti_0.avi_1.jpg
0.0,0.0,0.0,0.0,0.0,wMgaVgMG_0.avi_0.jpg
0.0,0.0,0.0,0.0,0.0,wMgaVgMG_0.avi_1.jpg
0.0,0.0,0.0,0.0,0.0,wNTaSOXj_0.avi_0.jpg
0.0,0.0,0.0,0.0,0.0,wNTaSOXj_0.avi_1.jpg
0.0,0.0,0.0,0.0,0.0,WPK4WLlc_0.avi_0.jpg
0.0,0.0,0.0,0.0,0.0,WPK4WLlc_0.avi_1.jpg
0.0,0.0,0.0,0.0,0.0,WW8zIoiZ_0.avi_0.jpg
0.0,0.0,0.0,0.0,0.0,WW8zIoiZ_0.avi_1.jpg
0.0,0.0,0.0,0.0,0.0,ww9L6ULb_0.avi_0.jpg
0.0,0.0,0.0,0.0,0.0,ww9L6ULb_0.avi_1.jpg
0.0,0.0,0.0,0.0,0.0,WXwfibYX_0.avi_0.jpg
0.0,0.0,0.0,0.0,0.0,WXwfibYX_0.avi_1.jpg
0.0,0.0,0.0,0.0,0.0,wY7Om5cW_0.avi_0.jpg
0.0,0.0,0.0,0.0,0.0,wY7Om5cW_0.avi_1.jpg
0.0,0.0,0.0,0.0,0.0,X0fP5VQMrbg_0.avi_0.jpg
0.0,0.0,0.0,0.0,0.0,X0fP5VQMrbg_0.avi_1.jpg
0.0,0.0,0.0,0.0,0.0,X0fP5VQMrbg_1.avi_0.jpg
0.0,0.0,0.0,0.0,0.0,X0fP5VQMrbg_1.avi_1.jpg
0.0,0.0,0.0,0.0,0.0,X14e9Fwxa8w_0.avi_0.jpg
0.0,0.0,0.0,0.0,0.0,X14e9Fwxa8w_0.avi_1.jpg
0.0,0.0,0.0,0.0,0.0,x7iljhbM_0.avi_0.jpg
0.0,0.0,0.0,0.0,0.0,x7iljhbM_0.avi_1.jpg
0.0,0.0,0.0,0.0,0.0,Xhh2ONc7_0.avi_0.jpg
0.0,0.0,0.0,0.0,0.0,Xhh2ONc7_0.avi_1.jpg
0.0,0.0,0.0,0.0,0.0,XJfaYlr0_0.avi_0.jpg
0.0,0.0,0.0,0.0,0.0,XJfaYlr0_0.avi_1.jpg
0.0,0.0,0.0,0.0,0.0,xKq3hlefCUI_0.avi_0.jpg
0.0,0.0,0.0,0.0,0.0,xKq3hlefCUI_0.avi_1.jpg
0.0,0.0,0.0,0.0,0.0,Xmmy8LvV_0.avi_0.jpg
0.0,0.0,0.0,0.0,0.0,Xmmy8LvV_0.avi_1.jpg
0.0,0.0,0.0,0.0,0.0,XPG8GqrH_0.avi_0.jpg
0.0,0.0,0.0,0.0,0.0,XPG8GqrH_0.avi_1.jpg
0.0,0.0,0.0,0.0,0.0,XpQkd2Ug_0.avi_0.jpg
0.0,0.0,0.0,0.0,0.0,XpQkd2Ug_0.avi_1.jpg
0.0,0.0,0.0,0.0,0.0,XQR0CvyY_0.avi_0.jpg
0.0,0.0,0.0,0.0,0.0,XQR0CvyY_0.avi_1.jpg
0.0,0.0,0.0,0.0,0.0,XQR0CvyY_1.avi_0.jpg
0.0,0.0,0.0,0.0,0.0,XQR0CvyY_1.avi_1.jpg
0.0,0.0,0.0,0.0,0.0,xQSbcaZp_0.avi_0.jpg
0.0,0.0,0.0,0.0,0.0,xQSbcaZp_0.avi_1.jpg
0.0,0.0,0.0,0.0,0.0,Xr0T6ylW_0.avi_0.jpg
0.0,0.0,0.0,0.0,0.0,Xr0T6ylW_0.avi_1.jpg
0.0,0.0,0.0,0.0,0.0,xR1o8M5o_0.avi_0.jpg
0.0,0.0,0.0,0.0,0.0,xR1o8M5o_0.avi_1.jpg
0.0,0.0,0.0,0.0,0.0,xtA4owfr_0.avi_0.jpg
0.0,0.0,0.0,0.0,0.0,xtA4owfr_0.avi_1.jpg
0.0,0.0,0.0,0.0,0.0,xTCvMktQ_0.avi_0.jpg
0.0,0.0,0.0,0.0,0.0,xTCvMktQ_0.avi_1.jpg
0.0,0.0,0.0,0.0,0.0,XVfkS6rM_0.avi_0.jpg
0.0,0.0,0.0,0.0,0.0,XVfkS6rM_0.avi_1.jpg
0.0,0.0,0.0,0.0,0.0,xW8Esfp9_0.avi_0.jpg
0.0,0.0,0.0,0.0,0.0,xW8Esfp9_0.avi_1.jpg
0.0,0.0,0.0,0.0,0.0,xWBtjX00_0.avi_0.jpg
0.0,0.0,0.0,0.0,0.0,xWBtjX00_0.avi_1.jpg
0.0,0.0,0.0,0.0,0.0,XwiwESMn_0.avi_0.jpg
0.0,0.0,0.0,0.0,0.0,XwiwESMn_0.avi_1.jpg
0.0,0.0,0.0,0.0,0.0,xxIkl4Ue_0.avi_0.jpg
0.0,0.0,0.0,0.0,0.0,xxIkl4Ue_0.avi_1.jpg
0.0,0.0,0.0,0.0,0.0,xYWhwcqL_0.avi_0.jpg
0.0,0.0,0.0,0.0,0.0,xYWhwcqL_0.avi_1.jpg
0.0,0.0,0.0,0.0,0.0,Y-TiUAODEYw_0.avi_0.jpg
0.0,0.0,0.0,0.0,0.0,Y-TiUAODEYw_0.avi_1.jpg
0.0,0.0,0.0,0.0,0.0,Y-TiUAODEYw_1.avi_0.jpg
0.0,0.0,0.0,0.0,0.0,Y-TiUAODEYw_1.avi_1.jpg
0.0,0.0,0.0,0.0,0.0,Y-TiUAODEYw_2.avi_0.jpg
0.0,0.0,0.0,0.0,0.0,Y-TiUAODEYw_2.avi_1.jpg
0.0,0.0,0.0,0.0,0.0,Y1y9Gxs6_0.avi_0.jpg
0.0,0.0,0.0,0.0,0.0,Y1y9Gxs6_0.avi_1.jpg
0.0,0.0,0.0,0.0,0.0,Y4KiQpCP_0.avi_0.jpg
0.0,0.0,0.0,0.0,0.0,Y4KiQpCP_0.avi_1.jpg
0.0,0.0,0.0,0.0,0.0,y4njAG00_0.avi_0.jpg
0.0,0.0,0.0,0.0,0.0,y4njAG00_0.avi_1.jpg
0.0,0.0,0.0,0.0,0.0,ycOdxOJt_0.avi_0.jpg
0.0,0.0,0.0,0.0,0.0,ycOdxOJt_0.avi_1.jpg
0.0,0.0,0.0,0.0,0.0,yDKfgkb2_0.avi_0.jpg
0.0,0.0,0.0,0.0,0.0,yDKfgkb2_0.avi_1.jpg
0.0,0.0,0.0,0.0,0.0,YJvuxdWs_0.avi_0.jpg
0.0,0.0,0.0,0.0,0.0,YJvuxdWs_0.avi_1.jpg
0.0,0.0,0.0,0.0,0.0,ykI6keNQ_0.avi_0.jpg
0.0,0.0,0.0,0.0,0.0,ykI6keNQ_0.avi_1.jpg
0.0,0.0,0.0,0.0,0.0,yKxTC4lT_0.avi_0.jpg
0.0,0.0,0.0,0.0,0.0,yKxTC4lT_0.avi_1.jpg
0.0,0.0,0.0,0.0,0.0,yldWawWf_0.avi_0.jpg
0.0,0.0,0.0,0.0,0.0,yldWawWf_0.avi_1.jpg
0.0,0.0,0.0,0.0,0.0,YQkE7oOf_0.avi_0.jpg
0.0,0.0,0.0,0.0,0.0,YQkE7oOf_0.avi_1.jpg
0.0,0.0,0.0,0.0,0.0,yQWmI4e8_0.avi_0.jpg
0.0,0.0,0.0,0.0,0.0,yQWmI4e8_0.avi_1.jpg
0.0,0.0,0.0,0.0,0.0,ytjGIK9m_0.avi_0.jpg
0.0,0.0,0.0,0.0,0.0,ytjGIK9m_0.avi_1.jpg
0.0,0.0,0.0,0.0,0.0,yvNawsRf_0.avi_0.jpg
0.0,0.0,0.0,0.0,0.0,yvNawsRf_0.avi_1.jpg
0.0,0.0,0.0,0.0,0.0,Yw7Ip3VS_0.avi_0.jpg
0.0,0.0,0.0,0.0,0.0,Yw7Ip3VS_0.avi_1.jpg
0.0,0.0,0.0,0.0,0.0,yWnLtCrM_0.avi_0.jpg
0.0,0.0,0.0,0.0,0.0,yWnLtCrM_0.avi_1.jpg
0.0,0.0,0.0,0.0,0.0,Yxz9WncB_0.avi_0.jpg
0.0,0.0,0.0,0.0,0.0,Yxz9WncB_0.avi_1.jpg
0.0,0.0,0.0,0.0,0.0,zbg2jsE4_0.avi_0.jpg
0.0,0.0,0.0,0.0,0.0,zbg2jsE4_0.avi_1.jpg
0.0,0.0,0.0,0.0,0.0,zHRkgmIT_0.avi_0.jpg
0.0,0.0,0.0,0.0,0.0,zHRkgmIT_0.avi_1.jpg
0.0,0.0,0.0,0.0,0.0,ZIj9BzT4_0.avi_0.jpg
0.0,0.0,0.0,0.0,0.0,ZIj9BzT4_0.avi_1.jpg
0.0,0.0,0.0,0.0,0.0,ZPhVyVZt_0.avi_0.jpg
0.0,0.0,0.0,0.0,0.0,ZPhVyVZt_0.avi_1.jpg
0.0,0.0,0.0,0.0,0.0,zWrAqXFn_0.avi_0.jpg
0.0,0.0,0.0,0.0,0.0,zWrAqXFn_0.avi_1.jpg
0.0,0.0,0.0,0.0,0.0,Zy04T0RF_0.avi_0.jpg
0.0,0.0,0.0,0.0,0.0,Zy04T0RF_0.avi_1.jpg
0.0,0.0,0.0,0.0,0.0,zZHTBiER_0.avi_0.jpg
0.0,0.0,0.0,0.0,0.0,zZHTBiER_0.avi_1.jpg
0.0,0.0,0.0,0.0,0.0,_fPfNbHM16M_0.avi_0.jpg
0.0,0.0,0.0,0.0,0.0,_fPfNbHM16M_0.avi_1.jpg
0.0,0.0,0.0,0.0,0.0,_fPfNbHM16M_1.avi_0.jpg
0.0,0.0,0.0,0.0,0.0,_fPfNbHM16M_1.avi_1.jpg
0.0,0.0,0.0,0.0,0.0,_q5Nwh4Z6ao_0.avi_0.jpg
0.0,0.0,0.0,0.0,0.0,_q5Nwh4Z6ao_0.avi_1.jpg
0.0,0.0,0.0,0.0,0.0,_q5Nwh4Z6ao_1.avi_0.jpg
0.0,0.0,0.0,0.0,0.0,_q5Nwh4Z6ao_1.avi_1.jpg
0.0,0.0,0.0,0.0,0.0,_q5Nwh4Z6ao_2.avi_0.jpg
0.0,0.0,0.0,0.0,0.0,_q5Nwh4Z6ao_2.avi_1.jpg
0.0,0.0,0.0,0.0,0.0,_q5Nwh4Z6ao_3.avi_0.jpg
0.0,0.0,0.0,0.0,0.0,_q5Nwh4Z6ao_3.avi_1.jpg
0.0,0.0,0.0,0.0,0.0,_q5Nwh4Z6ao_4.avi_0.jpg
0.0,0.0,0.0,0.0,0.0,_q5Nwh4Z6ao_4.avi_1.jpg
0.0,0.0,0.0,0.0,0.0,_q5Nwh4Z6ao_5.avi_0.jpg
0.0,0.0,0.0,0.0,0.0,_q5Nwh4Z6ao_5.avi_1.jpg
0.0,0.0,0.0,0.0,0.0,_q5Nwh4Z6ao_6.avi_0.jpg
0.0,0.0,0.0,0.0,0.0,_q5Nwh4Z6ao_6.avi_1.jpg
0.0,0.0,0.0,0.0,0.0,_q5Nwh4Z6ao_7.avi_0.jpg
0.0,0.0,0.0,0.0,0.0,_q5Nwh4Z6ao_7.avi_1.jpg
0.0,0.0,0.0,0.0,0.0,_wVuRdfDHbE_0.avi_0.jpg
0.0,0.0,0.0,0.0,0.0,_wVuRdfDHbE_0.avi_1.jpg
